date,division,inflation_yoy,inflation_mom
2/1/2000,overall,,0.1
3/1/2000,overall,,-0.1
4/1/2000,overall,,0
5/1/2000,overall,,0.1
6/1/2000,overall,,0
7/1/2000,overall,,0.1
8/1/2000,overall,,0
9/1/2000,overall,,0
10/1/2000,overall,,0.4
11/1/2000,overall,,0.1
12/1/2000,overall,,0.5
1/1/2001,overall,1.5,0.2
2/1/2001,overall,1.6,0.2
3/1/2001,overall,1.5,-0.2
4/1/2001,overall,1.6,0.1
5/1/2001,overall,1.6,0.1
6/1/2001,overall,1.5,-0.1
7/1/2001,overall,1.4,0
8/1/2001,overall,1.2,-0.1
9/1/2001,overall,1.4,0.1
10/1/2001,overall,0.9,-0.1
11/1/2001,overall,1.6,0.9
12/1/2001,overall,1.1,0
1/1/2002,overall,1.1,0.2
2/1/2002,overall,1.1,0.2
3/1/2002,overall,2.1,0.7
4/1/2002,overall,1.8,-0.1
5/1/2002,overall,1.8,0.1
6/1/2002,overall,2.1,0.1
7/1/2002,overall,2.1,0
8/1/2002,overall,2.1,-0.1
9/1/2002,overall,2.1,0.1
10/1/2002,overall,2.1,-0.1
11/1/2002,overall,1.5,0.2
12/1/2002,overall,1.7,0.2
1/1/2003,overall,1.7,0.2
2/1/2003,overall,1.6,0.1
3/1/2003,overall,0.7,-0.1
4/1/2003,overall,1,0.1
5/1/2003,overall,1,0.1
6/1/2003,overall,0.7,-0.1
7/1/2003,overall,1,0.2
8/1/2003,overall,1,-0.1
9/1/2003,overall,1.1,0.2
10/1/2003,overall,1.2,0
11/1/2003,overall,1.1,0.1
12/1/2003,overall,1.2,0.4
1/1/2004,overall,1,0
2/1/2004,overall,0.8,0
3/1/2004,overall,1,0
4/1/2004,overall,1,0.1
5/1/2004,overall,1.2,0.4
6/1/2004,overall,1.3,0
7/1/2004,overall,1.3,0.2
8/1/2004,overall,1.4,0
9/1/2004,overall,1.5,0.4
10/1/2004,overall,2.1,0.6
11/1/2004,overall,2.3,0.2
12/1/2004,overall,2,0.1
1/1/2005,overall,2.4,0.3
2/1/2005,overall,2.5,0.1
3/1/2005,overall,2.5,0
4/1/2005,overall,2.5,0.1
5/1/2005,overall,2.9,0.8
6/1/2005,overall,3.2,0.2
7/1/2005,overall,2.9,0
8/1/2005,overall,3.6,0.7
9/1/2005,overall,3.5,0.2
10/1/2005,overall,3.1,0.2
11/1/2005,overall,3.2,0.3
12/1/2005,overall,3.2,0.1
1/1/2006,overall,3.2,0.3
2/1/2006,overall,3.2,0.1
3/1/2006,overall,4.7,1.5
4/1/2006,overall,4.6,0
5/1/2006,overall,4,0.2
6/1/2006,overall,3.9,0.1
7/1/2006,overall,4.1,0.2
8/1/2006,overall,3.3,-0.1
9/1/2006,overall,3.3,0.2
10/1/2006,overall,3,0
11/1/2006,overall,3,0.3
12/1/2006,overall,3,0.1
1/1/2007,overall,3.2,0.5
2/1/2007,overall,3.1,0
3/1/2007,overall,1.5,-0.1
4/1/2007,overall,1.5,0
5/1/2007,overall,1.4,0.1
6/1/2007,overall,1.5,0.2
7/1/2007,overall,1.6,0.3
8/1/2007,overall,2,0.2
9/1/2007,overall,1.9,0.1
10/1/2007,overall,2,0.1
11/1/2007,overall,2.3,0.6
12/1/2007,overall,2.4,0.2
1/1/2008,overall,2.3,0.4
2/1/2008,overall,2.6,0.3
3/1/2008,overall,2.7,0
4/1/2008,overall,3,0.3
5/1/2008,overall,3.8,0.8
6/1/2008,overall,7.7,4
7/1/2008,overall,8.5,1.1
8/1/2008,overall,8.5,0.2
9/1/2008,overall,8.2,-0.2
10/1/2008,overall,7.6,-0.4
11/1/2008,overall,5.7,-1.2
12/1/2008,overall,4.5,-0.9
1/1/2009,overall,3.9,-0.1
2/1/2009,overall,3.8,0.2
3/1/2009,overall,3.6,-0.2
4/1/2009,overall,3.1,-0.2
5/1/2009,overall,2.4,0.2
6/1/2009,overall,-1.4,0.1
7/1/2009,overall,-2.4,0.1
8/1/2009,overall,-2.5,0.1
9/1/2009,overall,-2,0.3
10/1/2009,overall,-1.5,0.1
11/1/2009,overall,-0.1,0.2
12/1/2009,overall,1,0.2
1/1/2010,overall,1.3,0.2
2/1/2010,overall,1.1,0
3/1/2010,overall,1.3,0
4/1/2010,overall,1.5,0
5/1/2010,overall,1.5,0.2
6/1/2010,overall,1.5,0.1
7/1/2010,overall,1.7,0.3
8/1/2010,overall,1.9,0.3
9/1/2010,overall,1.7,0.1
10/1/2010,overall,1.8,0.2
11/1/2010,overall,1.8,0.2
12/1/2010,overall,2,0.4
1/1/2011,overall,2.4,0.6
2/1/2011,overall,2.9,0.5
3/1/2011,overall,3,0.1
4/1/2011,overall,3.2,0.2
5/1/2011,overall,3.3,0.3
6/1/2011,overall,3.5,0.3
7/1/2011,overall,3.4,0.2
8/1/2011,overall,3.3,0.2
9/1/2011,overall,3.5,0.3
10/1/2011,overall,3.4,0.1
11/1/2011,overall,3.3,0.1
12/1/2011,overall,3,0.1
1/1/2012,overall,2.7,0.3
2/1/2012,overall,2.2,0
3/1/2012,overall,2.1,0
4/1/2012,overall,1.9,0
5/1/2012,overall,1.7,0.2
6/1/2012,overall,1.6,0.1
7/1/2012,overall,1.4,0
8/1/2012,overall,1.4,0.2
9/1/2012,overall,1.3,0.2
10/1/2012,overall,1.3,0.2
11/1/2012,overall,1.3,0.1
12/1/2012,overall,1.2,0
1/1/2013,overall,1.3,0.4
2/1/2013,overall,1.5,0.2
3/1/2013,overall,1.6,0.1
4/1/2013,overall,1.7,0.1
5/1/2013,overall,1.8,0.3
6/1/2013,overall,1.8,0.1
7/1/2013,overall,2,0.2
8/1/2013,overall,1.9,0.1
9/1/2013,overall,2.6,0.8
10/1/2013,overall,2.8,0.4
11/1/2013,overall,2.9,0.3
12/1/2013,overall,3.2,0.3
1/1/2014,overall,3.4,0.6
2/1/2014,overall,3.5,0.3
3/1/2014,overall,3.5,0.1
4/1/2014,overall,3.4,0
5/1/2014,overall,3.2,0.1
6/1/2014,overall,3.3,0.2
7/1/2014,overall,3.2,0.1
8/1/2014,overall,3.3,0.2
9/1/2014,overall,2.6,0.2
10/1/2014,overall,2.8,0.5
11/1/2014,overall,3,0.5
12/1/2014,overall,2.7,-0.1
1/1/2015,overall,1,-1.1
2/1/2015,overall,0.1,-0.6
3/1/2015,overall,0.9,0.9
4/1/2015,overall,1.8,0.9
5/1/2015,overall,2.1,0.4
6/1/2015,overall,2.5,0.6
7/1/2015,overall,3.3,0.8
8/1/2015,overall,3.1,0
9/1/2015,overall,2.6,-0.3
10/1/2015,overall,2.5,0.4
11/1/2015,overall,2.6,0.6
12/1/2015,overall,2.7,0
1/1/2016,overall,3.5,-0.3
2/1/2016,overall,4.2,0
3/1/2016,overall,2.6,-0.6
4/1/2016,overall,2.1,0.4
5/1/2016,overall,2,0.3
6/1/2016,overall,1.6,0.2
7/1/2016,overall,1.1,0.3
8/1/2016,overall,1.5,0.4
9/1/2016,overall,1.5,-0.3
10/1/2016,overall,1.4,0.3
11/1/2016,overall,1.7,1
12/1/2016,overall,1.7,0
1/1/2017,overall,3.1,1.1
2/1/2017,overall,4.5,1.3
3/1/2017,overall,4.9,-0.2
4/1/2017,overall,4.3,-0.2
5/1/2017,overall,3.8,-0.2
6/1/2017,overall,3.4,-0.3
7/1/2017,overall,3.1,0
8/1/2017,overall,3.6,0.9
9/1/2017,overall,4.2,0.3
10/1/2017,overall,3.7,-0.1
11/1/2017,overall,3.4,0.7
12/1/2017,overall,3.5,0.1
1/1/2018,overall,2.7,0.3
2/1/2018,overall,1.4,0
3/1/2018,overall,1.3,-0.3
4/1/2018,overall,1.4,0
5/1/2018,overall,1.8,0.2
6/1/2018,overall,0.8,-1.2
7/1/2018,overall,0.9,0.2
8/1/2018,overall,0.2,0.2
9/1/2018,overall,0.3,0.4
10/1/2018,overall,0.6,0.2
11/1/2018,overall,0.2,0.2
12/1/2018,overall,0.2,0.1
1/1/2019,overall,-0.7,-0.5
2/1/2019,overall,-0.4,0.2
3/1/2019,overall,0.2,0.2
4/1/2019,overall,0.2,0
5/1/2019,overall,0.2,0.2
6/1/2019,overall,1.5,0
7/1/2019,overall,1.4,0.1
8/1/2019,overall,1.5,0.2
9/1/2019,overall,1.1,0
10/1/2019,overall,1.1,0.2
11/1/2019,overall,0.9,0.1
12/1/2019,overall,1,0.2
1/1/2020,overall,1.6,0.1
2/1/2020,overall,1.3,0
3/1/2020,overall,-0.2,-1.2
4/1/2020,overall,-2.9,-2.7
5/1/2020,overall,-2.9,0.3
6/1/2020,overall,-1.9,1
7/1/2020,overall,-1.3,0.7
8/1/2020,overall,-1.4,0.2
9/1/2020,overall,-1.4,0
10/1/2020,overall,-1.5,0.1
11/1/2020,overall,-1.7,-0.2
12/1/2020,overall,-1.4,0.5
1/1/2021,overall,-0.2,1.2
2/1/2021,overall,0.1,0.3
3/1/2021,overall,1.7,0.3
4/1/2021,overall,4.7,0.2
5/1/2021,overall,4.4,0
6/1/2021,overall,3.4,0.1
7/1/2021,overall,2.2,-0.6
8/1/2021,overall,2,0
9/1/2021,overall,2.2,0.2
10/1/2021,overall,2.9,0.7
11/1/2021,overall,3.3,0.2
12/1/2021,overall,3.2,0.4
1/1/2022,overall,2.3,0.3
2/1/2022,overall,2.2,0.2
3/1/2022,overall,2.2,0.3
4/1/2022,overall,2.3,0.2
5/1/2022,overall,2.8,0.6
6/1/2022,overall,3.4,0.6
7/1/2022,overall,4.4,0.4
8/1/2022,overall,4.7,0.2
9/1/2022,overall,4.5,0.1
10/1/2022,overall,4,0.2
11/1/2022,overall,4,0.3
12/1/2022,overall,3.8,0.2
1/1/2023,overall,3.7,0.2
2/1/2023,overall,3.7,0.2
3/1/2023,overall,3.4,0.1
4/1/2023,overall,3.3,0.1
5/1/2023,overall,2.8,0.2
6/1/2023,overall,2.4,0.2
7/1/2023,overall,2,0.1
8/1/2023,overall,2,0.2
9/1/2023,overall,1.9,0.1
10/1/2023,overall,1.8,0.1
11/1/2023,overall,1.5,0
12/1/2023,overall,1.5,0.2
1/1/2024,overall,1.5,0.2
2/1/2024,overall,1.8,0.5
3/1/2024,overall,1.8,0.1
4/1/2024,overall,1.8,0.2
5/1/2024,overall,2,0.3
6/1/2024,overall,2,0.2
7/1/2024,overall,2,0.1
8/1/2024,overall,1.9,0.1
9/1/2024,overall,1.8,0
10/1/2024,overall,1.9,0.2
11/1/2024,overall,1.8,-0.1
12/1/2024,overall,1.7,0.1
1/1/2025,overall,1.7,0.1
2/1/2025,overall,1.5,0.4
3/1/2025,overall,1.4,0
4/1/2025,overall,1.4,0.1
5/1/2025,overall,1.2,0.1
6/1/2025,overall,1.1,0.1
7/1/2025,overall,1.2,0.1
8/1/2025,overall,1.3,0.1
9/1/2025,overall,1.5,0.2
10/1/2025,overall,1.3,-0.1
11/1/2025,overall,1.4,0
12/1/2025,overall,1.6,0.3
1/1/2026,overall,1.6,0.1
2/1/2026,overall,1.4,0.2
3/1/2026,overall,1.7,0.3
2/1/2000,1,,-0.3
3/1/2000,1,,-0.4
4/1/2000,1,,0
5/1/2000,1,,0
6/1/2000,1,,0
7/1/2000,1,,0
8/1/2000,1,,-0.3
9/1/2000,1,,-0.1
10/1/2000,1,,0
11/1/2000,1,,0
12/1/2000,1,,1.2
1/1/2001,1,0.7,0.5
2/1/2001,1,0.8,-0.1
3/1/2001,1,0.7,-0.5
4/1/2001,1,0.7,0
5/1/2001,1,0.9,0.3
6/1/2001,1,0.5,-0.4
7/1/2001,1,0.4,-0.1
8/1/2001,1,0.4,-0.3
9/1/2001,1,0.9,0.4
10/1/2001,1,0.5,-0.4
11/1/2001,1,1.2,0.7
12/1/2001,1,0.3,0.3
1/1/2002,1,0.3,0.5
2/1/2002,1,0.9,0.5
3/1/2002,1,0.7,-0.8
4/1/2002,1,0.4,-0.3
5/1/2002,1,0,-0.1
6/1/2002,1,0.8,0.4
7/1/2002,1,0.8,-0.1
8/1/2002,1,0.9,-0.1
9/1/2002,1,0.5,0
10/1/2002,1,0.9,0
11/1/2002,1,0.9,0.7
12/1/2002,1,1.3,0.7
1/1/2003,1,1.2,0.4
2/1/2003,1,0.9,0.3
3/1/2003,1,0.9,-0.8
4/1/2003,1,1.3,0.1
5/1/2003,1,1.6,0.1
6/1/2003,1,1.1,-0.1
7/1/2003,1,1.5,0.3
8/1/2003,1,1.6,0
9/1/2003,1,1.5,-0.1
10/1/2003,1,1.7,0.3
11/1/2003,1,1.3,0.3
12/1/2003,1,1.4,0.8
1/1/2004,1,1.2,0.1
2/1/2004,1,0.9,0
3/1/2004,1,1.4,-0.3
4/1/2004,1,1.6,0.3
5/1/2004,1,2,0.5
6/1/2004,1,2.5,0.4
7/1/2004,1,2.5,0.3
8/1/2004,1,2.6,0.1
9/1/2004,1,2.5,-0.3
10/1/2004,1,2.9,0.6
11/1/2004,1,3.4,0.8
12/1/2004,1,3,0.4
1/1/2005,1,3.2,0.4
2/1/2005,1,3.2,0
3/1/2005,1,3.6,0.1
4/1/2005,1,3.8,0.4
5/1/2005,1,3.7,0.5
6/1/2005,1,3.8,0.5
7/1/2005,1,3.3,-0.2
8/1/2005,1,3.6,0.4
9/1/2005,1,4.1,0.2
10/1/2005,1,3.8,0.4
11/1/2005,1,3.7,0.6
12/1/2005,1,3.8,0.5
1/1/2006,1,4.1,0.7
2/1/2006,1,4,-0.1
3/1/2006,1,3.5,-0.4
4/1/2006,1,3.1,0
5/1/2006,1,3.2,0.6
6/1/2006,1,3.2,0.5
7/1/2006,1,3.8,0.4
8/1/2006,1,3.2,-0.2
9/1/2006,1,3.1,0.1
10/1/2006,1,2.9,0.2
11/1/2006,1,2.9,0.6
12/1/2006,1,2.9,0.5
1/1/2007,1,3.1,0.9
2/1/2007,1,3.3,0
3/1/2007,1,3.1,-0.5
4/1/2007,1,3.1,0
5/1/2007,1,2.5,0
6/1/2007,1,2.3,0.2
7/1/2007,1,2.3,0.4
8/1/2007,1,2.9,0.3
9/1/2007,1,3,0.2
10/1/2007,1,3,0.2
11/1/2007,1,3.9,1.5
12/1/2007,1,4.2,0.8
1/1/2008,1,4,0.7
2/1/2008,1,4.4,0.4
3/1/2008,1,4.9,0
4/1/2008,1,5.6,0.7
5/1/2008,1,8.1,2.3
6/1/2008,1,10.1,2.1
7/1/2008,1,11.2,1.4
8/1/2008,1,11.7,0.8
9/1/2008,1,12.3,0.7
10/1/2008,1,12.3,0.2
11/1/2008,1,10.9,0.3
12/1/2008,1,10.4,0.3
1/1/2009,1,9.8,0.1
2/1/2009,1,9.3,0
3/1/2009,1,8.7,-0.5
4/1/2009,1,7.5,-0.4
5/1/2009,1,5.2,0.1
6/1/2009,1,3.3,0.2
7/1/2009,1,2.1,0.2
8/1/2009,1,1.4,0.1
9/1/2009,1,1,0.4
10/1/2009,1,0.8,0
11/1/2009,1,0.9,0.4
12/1/2009,1,1.1,0.5
1/1/2010,1,1.2,0.2
2/1/2010,1,1.2,0
3/1/2010,1,1.7,0
4/1/2010,1,2.3,0.1
5/1/2010,1,2.6,0.4
6/1/2010,1,2.9,0.5
7/1/2010,1,2.9,0.2
8/1/2010,1,3.1,0.3
9/1/2010,1,2.7,0
10/1/2010,1,2.8,0.1
11/1/2010,1,2.8,0.5
12/1/2010,1,2.6,0.3
1/1/2011,1,3.6,1.2
2/1/2011,1,4.7,1.1
3/1/2011,1,4.7,0
4/1/2011,1,4.9,0.3
5/1/2011,1,4.5,0
6/1/2011,1,4.7,0.7
7/1/2011,1,4.9,0.4
8/1/2011,1,4.6,0
9/1/2011,1,5,0.4
10/1/2011,1,5.7,0.8
11/1/2011,1,5.1,0
12/1/2011,1,5.1,0.3
1/1/2012,1,4.8,0.8
2/1/2012,1,2.9,-0.7
3/1/2012,1,2.9,0
4/1/2012,1,2.3,-0.3
5/1/2012,1,3,0.7
6/1/2012,1,2.9,0.6
7/1/2012,1,2.6,0.1
8/1/2012,1,2.8,0.2
9/1/2012,1,2.4,0
10/1/2012,1,2,0.4
11/1/2012,1,2,0
12/1/2012,1,2,0.3
1/1/2013,1,2.2,1.1
2/1/2013,1,3.3,0.3
3/1/2013,1,3.3,0
4/1/2013,1,3.8,0.2
5/1/2013,1,3.5,0.4
6/1/2013,1,3.2,0.4
7/1/2013,1,3.9,0.7
8/1/2013,1,3.6,-0.1
9/1/2013,1,3.9,0.3
10/1/2013,1,3.7,0.2
11/1/2013,1,3.9,0.2
12/1/2013,1,4.5,0.9
1/1/2014,1,4.2,0.8
2/1/2014,1,3.8,-0.1
3/1/2014,1,3.9,0.1
4/1/2014,1,3.6,-0.1
5/1/2014,1,3.3,0.1
6/1/2014,1,3.5,0.5
7/1/2014,1,3.1,0.3
8/1/2014,1,3.3,0.1
9/1/2014,1,3.2,0.2
10/1/2014,1,2.8,-0.2
11/1/2014,1,2.9,0.3
12/1/2014,1,2.4,0.3
1/1/2015,1,2.8,1.2
2/1/2015,1,2.7,-0.2
3/1/2015,1,2.3,-0.3
4/1/2015,1,3.1,0.8
5/1/2015,1,3.5,0.4
6/1/2015,1,3.4,0.4
7/1/2015,1,3.8,0.8
8/1/2015,1,4.2,0.5
9/1/2015,1,4.3,0.2
10/1/2015,1,4.7,0.2
11/1/2015,1,4.1,-0.2
12/1/2015,1,4.6,0.7
1/1/2016,1,3.9,0.6
2/1/2016,1,4.8,0.7
3/1/2016,1,5,-0.1
4/1/2016,1,4.2,0
5/1/2016,1,4.1,0.3
6/1/2016,1,4.2,0.5
7/1/2016,1,3.8,0.3
8/1/2016,1,3.5,0.2
9/1/2016,1,3,-0.2
10/1/2016,1,2.5,-0.3
11/1/2016,1,3.5,0.7
12/1/2016,1,3.4,0.6
1/1/2017,1,3.7,0.9
2/1/2017,1,4,0.9
3/1/2017,1,3.7,-0.4
4/1/2017,1,3.7,0.1
5/1/2017,1,4,0.5
6/1/2017,1,3.9,0.4
7/1/2017,1,3.9,0.3
8/1/2017,1,3.9,0.3
9/1/2017,1,4.3,0.1
10/1/2017,1,4.4,-0.2
11/1/2017,1,4,0.4
12/1/2017,1,4.1,0.7
1/1/2018,1,3.8,0.6
2/1/2018,1,3,0.2
3/1/2018,1,2.8,-0.5
4/1/2018,1,2.6,-0.2
5/1/2018,1,2.2,0.2
6/1/2018,1,0.8,-1
7/1/2018,1,0.7,0.2
8/1/2018,1,0.4,0
9/1/2018,1,0.5,0.2
10/1/2018,1,1.2,0.5
11/1/2018,1,1.1,0.2
12/1/2018,1,0.7,0.3
1/1/2019,1,1,0.9
2/1/2019,1,1,0.2
3/1/2019,1,1.1,-0.5
4/1/2019,1,1.1,-0.2
5/1/2019,1,1.2,0.3
6/1/2019,1,2.3,0.1
7/1/2019,1,2.4,0.3
8/1/2019,1,2.6,0.2
9/1/2019,1,2.2,-0.2
10/1/2019,1,1.8,0.1
11/1/2019,1,1.5,0
12/1/2019,1,1.7,0.5
1/1/2020,1,0.9,0.1
2/1/2020,1,0.8,0.1
3/1/2020,1,1.2,-0.1
4/1/2020,1,1.2,-0.1
5/1/2020,1,1.2,0.3
6/1/2020,1,1.6,0.4
7/1/2020,1,1.4,0.1
8/1/2020,1,1.3,0.1
9/1/2020,1,1.4,-0.1
10/1/2020,1,1.5,0.1
11/1/2020,1,1.4,-0.1
12/1/2020,1,1.4,0.5
1/1/2021,1,1.5,0.2
2/1/2021,1,1.4,0
3/1/2021,1,1.5,0
4/1/2021,1,1.9,0.3
5/1/2021,1,1.5,-0.1
6/1/2021,1,1.3,0.3
7/1/2021,1,1.3,0
8/1/2021,1,1.2,0.1
9/1/2021,1,1.9,0.6
10/1/2021,1,1.9,0.2
11/1/2021,1,2.7,0.6
12/1/2021,1,3.2,1
1/1/2022,1,3.6,0.6
2/1/2022,1,3.7,0.1
3/1/2022,1,4,0.3
4/1/2022,1,4.1,0.4
5/1/2022,1,5.2,0.9
6/1/2022,1,6.1,1.2
7/1/2022,1,6.9,0.7
8/1/2022,1,7.2,0.3
9/1/2022,1,6.8,0.3
10/1/2022,1,7.1,0.5
11/1/2022,1,7.3,0.7
12/1/2022,1,6.8,0.5
1/1/2023,1,6.7,0.6
2/1/2023,1,7,0.4
3/1/2023,1,6.9,0.1
4/1/2023,1,6.3,-0.1
5/1/2023,1,5.9,0.5
6/1/2023,1,4.7,0.1
7/1/2023,1,4.4,0.4
8/1/2023,1,4.1,0.1
9/1/2023,1,3.9,0.1
10/1/2023,1,3.6,0.1
11/1/2023,1,2.6,-0.3
12/1/2023,1,2.3,0.3
1/1/2024,1,2,0.3
2/1/2024,1,1.9,0.3
3/1/2024,1,1.7,0
4/1/2024,1,2,0.1
5/1/2024,1,1.8,0.3
6/1/2024,1,2,0.3
7/1/2024,1,1.6,0.1
8/1/2024,1,1.6,0.1
9/1/2024,1,1.6,0.1
10/1/2024,1,2.3,0.8
11/1/2024,1,2.6,0
12/1/2024,1,2.7,0.4
1/1/2025,1,2.5,0.1
2/1/2025,1,2.5,0.2
3/1/2025,1,2.5,0.1
4/1/2025,1,2.3,-0.1
5/1/2025,1,2.1,0.1
6/1/2025,1,2.1,0.2
7/1/2025,1,1.9,-0.1
8/1/2025,1,2,0.1
9/1/2025,1,2.1,0.2
10/1/2025,1,1.5,0.2
11/1/2025,1,1.5,0
12/1/2025,1,1.5,0.4
1/1/2026,1,1.5,0.2
2/1/2026,1,1.3,0
3/1/2026,1,1.1,-0.1
2/1/2000,2,,0
3/1/2000,2,,0.2
4/1/2000,2,,0.2
5/1/2000,2,,0
6/1/2000,2,,0
7/1/2000,2,,0.2
8/1/2000,2,,0
9/1/2000,2,,0.2
10/1/2000,2,,0
11/1/2000,2,,4
12/1/2000,2,,0
1/1/2001,2,4.7,0
2/1/2001,2,4.9,0.2
3/1/2001,2,4.7,0
4/1/2001,2,4.7,0.2
5/1/2001,2,4.7,0
6/1/2001,2,4.7,0
7/1/2001,2,4.7,0.2
8/1/2001,2,4.5,-0.2
9/1/2001,2,4.5,0.2
10/1/2001,2,4.5,0
11/1/2001,2,5.2,4.7
12/1/2001,2,5.2,0
1/1/2002,2,5.2,0
2/1/2002,2,5,0
3/1/2002,2,5,0
4/1/2002,2,4.9,0
5/1/2002,2,4.9,0
6/1/2002,2,4.9,0
7/1/2002,2,4.8,0.2
8/1/2002,2,5,0
9/1/2002,2,4.8,0
10/1/2002,2,4.8,0
11/1/2002,2,0.2,0
12/1/2002,2,0.2,0
1/1/2003,2,0.2,0
2/1/2003,2,0.2,0
3/1/2003,2,0.2,0
4/1/2003,2,0.3,0.2
5/1/2003,2,0.2,-0.2
6/1/2003,2,0.3,0.2
7/1/2003,2,0.2,0
8/1/2003,2,0.2,0
9/1/2003,2,4.8,4.6
10/1/2003,2,4.8,0
11/1/2003,2,4.8,0
12/1/2003,2,5,0.2
1/1/2004,2,5,0
2/1/2004,2,5,0
3/1/2004,2,5.1,0.2
4/1/2004,2,4.9,0
5/1/2004,2,5.1,0
6/1/2004,2,4.9,0
7/1/2004,2,5.1,0.2
8/1/2004,2,5.1,0
9/1/2004,2,12.8,12.2
10/1/2004,2,13.2,0.4
11/1/2004,2,13.2,0
12/1/2004,2,13.2,0.1
1/1/2005,2,13.2,0
2/1/2005,2,13.2,0
3/1/2005,2,13.2,0.1
4/1/2005,2,13,-0.1
5/1/2005,2,13.2,0.1
6/1/2005,2,13.3,0.1
7/1/2005,2,13.3,0.1
8/1/2005,2,13.3,0
9/1/2005,2,1,0
10/1/2005,2,7.1,6.5
11/1/2005,2,7.1,0
12/1/2005,2,6.9,0
1/1/2006,2,7.1,0.1
2/1/2006,2,7.2,0.1
3/1/2006,2,7.1,0
4/1/2006,2,7.2,0
5/1/2006,2,7.1,0
6/1/2006,2,6.9,0
7/1/2006,2,6.9,0.1
8/1/2006,2,6.9,0
9/1/2006,2,11.9,4.7
10/1/2006,2,5.1,0
11/1/2006,2,5.1,0
12/1/2006,2,5.2,0.1
1/1/2007,2,4.9,-0.1
2/1/2007,2,4.8,0
3/1/2007,2,4.8,0
4/1/2007,2,4.8,0
5/1/2007,2,4.8,0
6/1/2007,2,4.8,0
7/1/2007,2,13.8,8.8
8/1/2007,2,14,0.1
9/1/2007,2,8.9,0
10/1/2007,2,8.9,0
11/1/2007,2,8.9,0
12/1/2007,2,8.8,0
1/1/2008,2,9,0.1
2/1/2008,2,9,0
3/1/2008,2,9,0
4/1/2008,2,9,0
5/1/2008,2,9.1,0.1
6/1/2008,2,9.3,0.1
7/1/2008,2,0.6,0.1
8/1/2008,2,0.5,0
9/1/2008,2,8.4,7.9
10/1/2008,2,8.3,-0.1
11/1/2008,2,8.4,0.1
12/1/2008,2,8.4,0
1/1/2009,2,8.3,0
2/1/2009,2,8.2,-0.1
3/1/2009,2,8.3,0.1
4/1/2009,2,8.3,0
5/1/2009,2,8.2,0
6/1/2009,2,8.1,0.1
7/1/2009,2,8,0
8/1/2009,2,8,0
9/1/2009,2,0.1,0
10/1/2009,2,2.9,2.7
11/1/2009,2,2.9,0.1
12/1/2009,2,2.9,0
1/1/2010,2,2.9,0
2/1/2010,2,3,0
3/1/2010,2,3,0.1
4/1/2010,2,3,0
5/1/2010,2,3,0
6/1/2010,2,3,0.1
7/1/2010,2,3.1,0.1
8/1/2010,2,3.1,0
9/1/2010,2,3.2,0.1
10/1/2010,2,6.5,6
11/1/2010,2,6.4,0
12/1/2010,2,6.4,0
1/1/2011,2,6.4,0
2/1/2011,2,6.4,0
3/1/2011,2,6.3,0
4/1/2011,2,6.3,0
5/1/2011,2,6.3,0
6/1/2011,2,6.3,0.1
7/1/2011,2,6.1,-0.1
8/1/2011,2,6.1,0
9/1/2011,2,6,0
10/1/2011,2,0,0
11/1/2011,2,0,0
12/1/2011,2,0,0
1/1/2012,2,0,0
2/1/2012,2,0,0
3/1/2012,2,0,0
4/1/2012,2,0,0
5/1/2012,2,0.1,0.1
6/1/2012,2,0,0
7/1/2012,2,0.1,0
8/1/2012,2,0.2,0.1
9/1/2012,2,0.3,0.1
10/1/2012,2,0.3,0
11/1/2012,2,1.9,1.6
12/1/2012,2,1.9,0
1/1/2013,2,2,0.1
2/1/2013,2,2,0
3/1/2013,2,2,0
4/1/2013,2,2,0
5/1/2013,2,1.9,0
6/1/2013,2,4.2,2.2
7/1/2013,2,4.2,0
8/1/2013,2,4.1,0
9/1/2013,2,4.5,0.5
10/1/2013,2,16,11
11/1/2013,2,14.2,0
12/1/2013,2,14.1,-0.1
1/1/2014,2,14.1,0.1
2/1/2014,2,14.1,0
3/1/2014,2,14.1,0
4/1/2014,2,14.1,0
5/1/2014,2,14.1,0
6/1/2014,2,11.6,0.1
7/1/2014,2,11.6,0
8/1/2014,2,11.6,0
9/1/2014,2,14.8,3.3
10/1/2014,2,0.2,-3.1
11/1/2014,2,10.5,10.3
12/1/2014,2,10.6,0
1/1/2015,2,10.6,0.1
2/1/2015,2,10.6,0
3/1/2015,2,10.6,0
4/1/2015,2,13,2.2
5/1/2015,2,11.3,-1.5
6/1/2015,2,11.3,0.1
7/1/2015,2,13.3,1.8
8/1/2015,2,13.4,0.1
9/1/2015,2,9.8,0
10/1/2015,2,13.3,0
11/1/2015,2,20.7,17.5
12/1/2015,2,22.8,1.7
1/1/2016,2,22.6,-0.1
2/1/2016,2,22.6,0
3/1/2016,2,22.7,0.1
4/1/2016,2,20.1,0
5/1/2016,2,22.1,0.1
6/1/2016,2,21.9,0
7/1/2016,2,19.9,0.1
8/1/2016,2,19.7,-0.1
9/1/2016,2,19.7,0
10/1/2016,2,19.8,0.1
11/1/2016,2,1.9,0
12/1/2016,2,0.1,-0.1
1/1/2017,2,0.2,0
2/1/2017,2,0.2,0
3/1/2017,2,0.2,0.1
4/1/2017,2,0.2,0
5/1/2017,2,0.2,0.1
6/1/2017,2,0.1,-0.1
7/1/2017,2,0.1,0
8/1/2017,2,0.1,0
9/1/2017,2,0.1,0
10/1/2017,2,0.1,0.1
11/1/2017,2,0.2,0.1
12/1/2017,2,0.2,-0.1
1/1/2018,2,0.2,0
2/1/2018,2,0.1,-0.1
3/1/2018,2,0.1,0.1
4/1/2018,2,0.2,0.1
5/1/2018,2,0.1,0
6/1/2018,2,-0.7,-0.8
7/1/2018,2,-0.8,-0.2
8/1/2018,2,-1,-0.1
9/1/2018,2,-0.9,0.1
10/1/2018,2,-0.8,0.2
11/1/2018,2,1,1.9
12/1/2018,2,1.1,0.1
1/1/2019,2,1.1,0
2/1/2019,2,1.1,-0.1
3/1/2019,2,1.1,0.1
4/1/2019,2,1.2,0.1
5/1/2019,2,1.3,0.1
6/1/2019,2,2.1,0.1
7/1/2019,2,2.3,0
8/1/2019,2,2.5,0.1
9/1/2019,2,2.4,-0.1
10/1/2019,2,2.2,0
11/1/2019,2,0.4,0.1
12/1/2019,2,0.2,-0.1
1/1/2020,2,0.1,-0.1
2/1/2020,2,0.2,0.1
3/1/2020,2,0.3,0.1
4/1/2020,2,0.2,0
5/1/2020,2,0.2,0.1
6/1/2020,2,0.2,0.1
7/1/2020,2,0.3,0.1
8/1/2020,2,0.3,0.1
9/1/2020,2,0.5,0.1
10/1/2020,2,0.5,0
11/1/2020,2,0.5,0.1
12/1/2020,2,0.6,0
1/1/2021,2,0.7,0.1
2/1/2021,2,0.7,0
3/1/2021,2,0.6,0.1
4/1/2021,2,0.7,0.1
5/1/2021,2,0.7,0.1
6/1/2021,2,0.7,0.1
7/1/2021,2,0.5,-0.1
8/1/2021,2,0.4,0
9/1/2021,2,0.4,0.1
10/1/2021,2,0.3,-0.1
11/1/2021,2,0.3,0.1
12/1/2021,2,0.3,0
1/1/2022,2,0.4,0.1
2/1/2022,2,0.4,0
3/1/2022,2,0.5,0.2
4/1/2022,2,0.5,0.1
5/1/2022,2,0.4,0
6/1/2022,2,0.4,0.1
7/1/2022,2,0.6,0.1
8/1/2022,2,0.7,0.1
9/1/2022,2,0.7,0.1
10/1/2022,2,0.8,0.1
11/1/2022,2,0.8,0.1
12/1/2022,2,0.7,-0.1
1/1/2023,2,0.8,0.2
2/1/2023,2,0.8,0
3/1/2023,2,0.6,0.1
4/1/2023,2,0.6,0.1
5/1/2023,2,0.7,0.1
6/1/2023,2,0.6,0
7/1/2023,2,0.5,0
8/1/2023,2,0.5,0
9/1/2023,2,0.7,0.4
10/1/2023,2,0.6,0
11/1/2023,2,0.6,0.1
12/1/2023,2,0.6,-0.1
1/1/2024,2,0.4,-0.1
2/1/2024,2,0.4,0
3/1/2024,2,0.5,0.2
4/1/2024,2,0.5,0.1
5/1/2024,2,0.6,0.2
6/1/2024,2,0.7,0.1
7/1/2024,2,0.9,0.2
8/1/2024,2,1.1,0.2
9/1/2024,2,0.8,0.1
10/1/2024,2,0.8,0.1
11/1/2024,2,0.8,0
12/1/2024,2,0.8,-0.1
1/1/2025,2,0.9,0.1
2/1/2025,2,0.9,0
3/1/2025,2,0.8,0
4/1/2025,2,0.8,0.1
5/1/2025,2,0.6,0.1
6/1/2025,2,0.6,0
7/1/2025,2,0.6,0.2
8/1/2025,2,0.4,0
9/1/2025,2,0.3,0
10/1/2025,2,0.3,0
11/1/2025,2,2.4,2.1
12/1/2025,2,2.5,0.1
1/1/2026,2,2.5,0.1
2/1/2026,2,2.6,0.1
3/1/2026,2,2.7,0.1
2/1/2000,3,,0.3
3/1/2000,3,,-0.7
4/1/2000,3,,0.3
5/1/2000,3,,-0.3
6/1/2000,3,,-0.2
7/1/2000,3,,0.1
8/1/2000,3,,-1.3
9/1/2000,3,,0.9
10/1/2000,3,,-0.9
11/1/2000,3,,-0.1
12/1/2000,3,,-1
1/1/2001,3,-2.6,0.1
2/1/2001,3,-2.2,0.8
3/1/2001,3,-3,-1.5
4/1/2001,3,-2.3,1.1
5/1/2001,3,-2.4,-0.4
6/1/2001,3,-2.6,-0.3
7/1/2001,3,-2.4,0.3
8/1/2001,3,-2.6,-1.5
9/1/2001,3,-3.5,0
10/1/2001,3,-2.4,0.3
11/1/2001,3,-2.8,-0.4
12/1/2001,3,-2.8,-1.1
1/1/2002,3,-2,0.9
2/1/2002,3,-2.6,0.2
3/1/2002,3,-2.1,-1
4/1/2002,3,-2.6,0.5
5/1/2002,3,-2.4,-0.3
6/1/2002,3,-2.4,-0.3
7/1/2002,3,-2.8,-0.2
8/1/2002,3,-2.5,-1.2
9/1/2002,3,-1.9,0.6
10/1/2002,3,-2.4,-0.3
11/1/2002,3,-1.8,0.2
12/1/2002,3,-1.5,-0.8
1/1/2003,3,-2.4,0
2/1/2003,3,-2.4,0.2
3/1/2003,3,-2.1,-0.7
4/1/2003,3,-1.9,0.8
5/1/2003,3,-2,-0.4
6/1/2003,3,-2,-0.3
7/1/2003,3,-1.5,0.3
8/1/2003,3,-1.5,-1.2
9/1/2003,3,-1.4,0.7
10/1/2003,3,-1.7,-0.5
11/1/2003,3,-2.7,-0.8
12/1/2003,3,-1.9,0
1/1/2004,3,-1.8,0.1
2/1/2004,3,-1.5,0.6
3/1/2004,3,-1.9,-1.2
4/1/2004,3,-2,0.7
5/1/2004,3,-2.4,-0.7
6/1/2004,3,-2.1,0
7/1/2004,3,-2.3,0.1
8/1/2004,3,-1.9,-0.8
9/1/2004,3,-1.8,0.8
10/1/2004,3,-1.7,-0.4
11/1/2004,3,-1.8,-0.9
12/1/2004,3,-1.6,0.2
1/1/2005,3,-1,0.7
2/1/2005,3,-1.7,-0.1
3/1/2005,3,-1,-0.6
4/1/2005,3,-1.3,0.5
5/1/2005,3,-0.7,-0.2
6/1/2005,3,-1.2,-0.5
7/1/2005,3,-0.8,0.5
8/1/2005,3,-1.7,-1.7
9/1/2005,3,-1,1.5
10/1/2005,3,-1.7,-1
11/1/2005,3,0,0.8
12/1/2005,3,-1.1,-0.9
1/1/2006,3,-2,-0.2
2/1/2006,3,-0.8,1
3/1/2006,3,-1.5,-1.2
4/1/2006,3,-0.9,1.1
5/1/2006,3,-1,-0.3
6/1/2006,3,-1.1,-0.6
7/1/2006,3,-1.1,0.5
8/1/2006,3,-0.8,-1.3
9/1/2006,3,-1.3,1
10/1/2006,3,-1.8,-1.5
11/1/2006,3,-1.4,1.2
12/1/2006,3,-1.8,-1.3
1/1/2007,3,-0.5,1.2
2/1/2007,3,-2.6,-1.2
3/1/2007,3,-1.1,0.3
4/1/2007,3,-2.1,0.1
5/1/2007,3,-1.7,0.1
6/1/2007,3,-1.1,0
7/1/2007,3,-2.1,-0.5
8/1/2007,3,-1.2,-0.4
9/1/2007,3,-1.3,0.8
10/1/2007,3,-0.7,-0.9
11/1/2007,3,-1.2,0.6
12/1/2007,3,-0.7,-0.8
1/1/2008,3,-1.4,0.4
2/1/2008,3,0.1,0.4
3/1/2008,3,-0.9,-0.7
4/1/2008,3,-0.4,0.6
5/1/2008,3,-0.6,-0.1
6/1/2008,3,-0.5,0.1
7/1/2008,3,-0.4,-0.4
8/1/2008,3,-0.4,-0.4
9/1/2008,3,-1.4,-0.3
10/1/2008,3,0.1,0.7
11/1/2008,3,-0.5,0
12/1/2008,3,-0.6,-0.9
1/1/2009,3,-0.9,0.1
2/1/2009,3,-0.6,0.7
3/1/2009,3,-0.7,-0.8
4/1/2009,3,-0.6,0.7
5/1/2009,3,-0.7,-0.2
6/1/2009,3,-1.2,-0.4
7/1/2009,3,-1,-0.2
8/1/2009,3,-0.9,-0.3
9/1/2009,3,-0.9,-0.3
10/1/2009,3,-1.6,0
11/1/2009,3,-1.2,0.4
12/1/2009,3,-1.2,-0.9
1/1/2010,3,-0.7,0.6
2/1/2010,3,-2.4,-1.1
3/1/2010,3,-1.8,-0.1
4/1/2010,3,-2,0.5
5/1/2010,3,-2,-0.2
6/1/2010,3,-2.4,-0.8
7/1/2010,3,-1.6,0.6
8/1/2010,3,-2.2,-0.9
9/1/2010,3,-0.7,1.2
10/1/2010,3,-0.9,-0.2
11/1/2010,3,-1.7,-0.4
12/1/2010,3,-1.8,-1
1/1/2011,3,-1.3,1.1
2/1/2011,3,0,0.2
3/1/2011,3,-0.2,-0.3
4/1/2011,3,-0.7,0
5/1/2011,3,-0.5,0
6/1/2011,3,0.3,0
7/1/2011,3,-0.5,-0.2
8/1/2011,3,0.1,-0.3
9/1/2011,3,-0.6,0.5
10/1/2011,3,-0.5,-0.1
11/1/2011,3,0.1,0.2
12/1/2011,3,0.8,-0.3
1/1/2012,3,-0.5,-0.2
2/1/2012,3,-0.3,0.4
3/1/2012,3,-0.4,-0.4
4/1/2012,3,-0.3,0.1
5/1/2012,3,-0.3,0
6/1/2012,3,-0.6,-0.3
7/1/2012,3,-0.5,-0.1
8/1/2012,3,-0.6,-0.4
9/1/2012,3,-0.7,0.4
10/1/2012,3,-0.7,-0.1
11/1/2012,3,-0.9,0
12/1/2012,3,-1,-0.4
1/1/2013,3,-0.5,0.3
2/1/2013,3,-1.2,-0.3
3/1/2013,3,-0.5,0.3
4/1/2013,3,-0.7,-0.1
5/1/2013,3,-0.7,0
6/1/2013,3,-0.6,-0.2
7/1/2013,3,-0.8,-0.3
8/1/2013,3,-0.4,0
9/1/2013,3,-0.5,0.3
10/1/2013,3,-0.4,0
11/1/2013,3,-0.3,0.1
12/1/2013,3,-0.3,-0.4
1/1/2014,3,-0.2,0.4
2/1/2014,3,0.2,0.1
3/1/2014,3,-0.1,0
4/1/2014,3,-0.1,-0.1
5/1/2014,3,-0.2,-0.1
6/1/2014,3,-0.1,-0.1
7/1/2014,3,-0.2,-0.4
8/1/2014,3,-0.2,0
9/1/2014,3,-0.3,0.2
10/1/2014,3,-0.4,-0.1
11/1/2014,3,-0.4,0.1
12/1/2014,3,-0.3,-0.3
1/1/2015,3,-0.1,0.6
2/1/2015,3,-0.6,-0.4
3/1/2015,3,-0.2,0.4
4/1/2015,3,0.7,0.8
5/1/2015,3,0.9,0.1
6/1/2015,3,0.7,-0.3
7/1/2015,3,0.9,-0.2
8/1/2015,3,0.7,-0.2
9/1/2015,3,0.7,0.2
10/1/2015,3,0.7,-0.1
11/1/2015,3,0.6,0
12/1/2015,3,0.8,-0.1
1/1/2016,3,0.4,0.2
2/1/2016,3,0.5,-0.3
3/1/2016,3,0,-0.1
4/1/2016,3,-0.7,0.1
5/1/2016,3,-0.9,-0.1
6/1/2016,3,-0.6,0
7/1/2016,3,-0.6,-0.2
8/1/2016,3,-0.6,-0.2
9/1/2016,3,-0.6,0.2
10/1/2016,3,-0.5,0
11/1/2016,3,-0.5,0
12/1/2016,3,-0.5,-0.1
1/1/2017,3,-0.7,0
2/1/2017,3,-0.2,0.2
3/1/2017,3,-0.2,-0.1
4/1/2017,3,-0.1,0.2
5/1/2017,3,-0.2,-0.2
6/1/2017,3,-0.4,-0.2
7/1/2017,3,-0.4,-0.2
8/1/2017,3,-0.3,-0.1
9/1/2017,3,-0.3,0.2
10/1/2017,3,-0.4,-0.1
11/1/2017,3,-0.5,-0.1
12/1/2017,3,-0.5,-0.1
1/1/2018,3,-0.3,0.2
2/1/2018,3,-0.7,-0.2
3/1/2018,3,-0.7,-0.1
4/1/2018,3,-0.8,0.1
5/1/2018,3,-0.7,-0.1
6/1/2018,3,-3.1,-2.6
7/1/2018,3,-3,-0.1
8/1/2018,3,-2.9,0
9/1/2018,3,-3.2,-0.1
10/1/2018,3,-3.1,0
11/1/2018,3,-3.1,-0.1
12/1/2018,3,-3.2,-0.2
1/1/2019,3,-3.3,0.1
2/1/2019,3,-3.2,-0.1
3/1/2019,3,-3,0.1
4/1/2019,3,-3.2,-0.1
5/1/2019,3,-3.2,-0.1
6/1/2019,3,-0.7,-0.1
7/1/2019,3,-1.1,-0.4
8/1/2019,3,-1.1,0
9/1/2019,3,-0.9,0
10/1/2019,3,-1.3,-0.3
11/1/2019,3,-1.1,0.1
12/1/2019,3,-1,-0.1
1/1/2020,3,-1.2,-0.1
2/1/2020,3,-1.1,0
3/1/2020,3,-1.3,-0.1
4/1/2020,3,-1.2,0
5/1/2020,3,-1.1,0
6/1/2020,3,-1.1,-0.1
7/1/2020,3,-0.6,0
8/1/2020,3,-0.6,0
9/1/2020,3,-0.6,0
10/1/2020,3,-0.4,-0.1
11/1/2020,3,-0.5,0
12/1/2020,3,-0.4,0
1/1/2021,3,-0.4,-0.1
2/1/2021,3,-0.4,0
3/1/2021,3,-0.3,0
4/1/2021,3,-0.4,-0.1
5/1/2021,3,-0.5,-0.1
6/1/2021,3,-0.4,0
7/1/2021,3,-0.4,0
8/1/2021,3,-0.4,0
9/1/2021,3,-0.5,-0.1
10/1/2021,3,-0.4,0
11/1/2021,3,-0.4,0
12/1/2021,3,-0.4,0
1/1/2022,3,-0.3,0
2/1/2022,3,-0.2,0.1
3/1/2022,3,-0.3,-0.1
4/1/2022,3,-0.2,0
5/1/2022,3,0,0.1
6/1/2022,3,0.2,0.2
7/1/2022,3,0.3,0.1
8/1/2022,3,0.3,0
9/1/2022,3,0.4,0
10/1/2022,3,0.4,0
11/1/2022,3,0.4,0
12/1/2022,3,0.4,0
1/1/2023,3,0.5,0.1
2/1/2023,3,0.4,0
3/1/2023,3,0.5,0
4/1/2023,3,0.5,0
5/1/2023,3,0.4,0
6/1/2023,3,0.1,-0.1
7/1/2023,3,0.1,0.1
8/1/2023,3,0,-0.1
9/1/2023,3,0.1,0.1
10/1/2023,3,0,-0.1
11/1/2023,3,0,0
12/1/2023,3,0,0
1/1/2024,3,-0.2,-0.1
2/1/2024,3,-0.2,0
3/1/2024,3,-0.2,0
4/1/2024,3,-0.3,-0.1
5/1/2024,3,-0.2,0.1
6/1/2024,3,-0.1,0
7/1/2024,3,-0.2,0
8/1/2024,3,-0.2,-0.1
9/1/2024,3,-0.3,0
10/1/2024,3,-0.2,0
11/1/2024,3,-0.3,-0.1
12/1/2024,3,-0.5,-0.2
1/1/2025,3,-0.3,0.1
2/1/2025,3,-0.2,0.1
3/1/2025,3,-0.2,0
4/1/2025,3,-0.1,0
5/1/2025,3,-0.2,0
6/1/2025,3,-0.3,-0.1
7/1/2025,3,-0.2,0.1
8/1/2025,3,-0.1,0
9/1/2025,3,-0.2,-0.1
10/1/2025,3,-0.3,-0.1
11/1/2025,3,-0.1,0.1
12/1/2025,3,0.1,0
1/1/2026,3,0,0
2/1/2026,3,0,0.1
3/1/2026,3,-0.1,-0.1
2/1/2000,4,,0.6
3/1/2000,4,,0
4/1/2000,4,,0
5/1/2000,4,,0.3
6/1/2000,4,,0
7/1/2000,4,,0.1
8/1/2000,4,,0.2
9/1/2000,4,,0
10/1/2000,4,,0.2
11/1/2000,4,,0.2
12/1/2000,4,,0
1/1/2001,4,1.7,0
2/1/2001,4,1.5,0.3
3/1/2001,4,1.5,0
4/1/2001,4,1.6,0.1
5/1/2001,4,1.6,0.3
6/1/2001,4,1.6,0
7/1/2001,4,1.5,0
8/1/2001,4,1.3,0.1
9/1/2001,4,1.3,0
10/1/2001,4,1.1,0
11/1/2001,4,1,0.1
12/1/2001,4,1,0
1/1/2002,4,1,0
2/1/2002,4,0.9,0.2
3/1/2002,4,0.9,0
4/1/2002,4,0.8,0
5/1/2002,4,0.6,0.1
6/1/2002,4,0.6,0
7/1/2002,4,0.6,0
8/1/2002,4,0.6,0.1
9/1/2002,4,0.6,0
10/1/2002,4,0.6,0
11/1/2002,4,0.7,0.2
12/1/2002,4,0.7,0
1/1/2003,4,0.7,0
2/1/2003,4,0.7,0.2
3/1/2003,4,0.8,0.1
4/1/2003,4,0.8,0
5/1/2003,4,0.9,0.2
6/1/2003,4,0.9,0
7/1/2003,4,1,0.1
8/1/2003,4,1.2,0.3
9/1/2003,4,1.2,0
10/1/2003,4,1.2,0
11/1/2003,4,1.1,0.1
12/1/2003,4,1.1,0
1/1/2004,4,1.1,0
2/1/2004,4,1,0.1
3/1/2004,4,0.9,0
4/1/2004,4,0.9,0
5/1/2004,4,1,0.3
6/1/2004,4,1,0
7/1/2004,4,0.9,0
8/1/2004,4,0.8,0.2
9/1/2004,4,0.8,0
10/1/2004,4,0.9,0.1
11/1/2004,4,1,0.2
12/1/2004,4,1,0
1/1/2005,4,1,0
2/1/2005,4,1,0.1
3/1/2005,4,1.1,0.1
4/1/2005,4,1.1,0
5/1/2005,4,1,0.2
6/1/2005,4,1,0
7/1/2005,4,1,0
8/1/2005,4,1.1,0.3
9/1/2005,4,1.2,0.1
10/1/2005,4,1.1,0
11/1/2005,4,1.1,0.2
12/1/2005,4,1.1,0
1/1/2006,4,1.1,0
2/1/2006,4,1.2,0.2
3/1/2006,4,1.5,0.4
4/1/2006,4,1.5,0
5/1/2006,4,1.5,0.2
6/1/2006,4,1.8,0.3
7/1/2006,4,1.8,0
8/1/2006,4,1.7,0.2
9/1/2006,4,1.6,0
10/1/2006,4,1.6,0
11/1/2006,4,1.6,0.2
12/1/2006,4,1.7,0.1
1/1/2007,4,1.7,0
2/1/2007,4,1.8,0.3
3/1/2007,4,1.4,0
4/1/2007,4,1.4,0
5/1/2007,4,1.4,0.2
6/1/2007,4,1.1,0
7/1/2007,4,1.1,0
8/1/2007,4,1.2,0.3
9/1/2007,4,1.2,0
10/1/2007,4,1.2,0
11/1/2007,4,1.2,0.2
12/1/2007,4,1,0
1/1/2008,4,1.2,0.1
2/1/2008,4,1.4,0.5
3/1/2008,4,1.4,0
4/1/2008,4,1.4,0
5/1/2008,4,1.5,0.3
6/1/2008,4,1.1,-0.3
7/1/2008,4,1.8,0.6
8/1/2008,4,1.8,0.3
9/1/2008,4,1.9,0.1
10/1/2008,4,1.9,0
11/1/2008,4,1.9,0.2
12/1/2008,4,1.9,0
1/1/2009,4,1.8,0
2/1/2009,4,1.5,0.3
3/1/2009,4,1.4,-0.1
4/1/2009,4,1.4,0
5/1/2009,4,1.6,0.5
6/1/2009,4,2,0
7/1/2009,4,1.3,0
8/1/2009,4,1.1,0.1
9/1/2009,4,1,0
10/1/2009,4,1,0
11/1/2009,4,1.1,0.3
12/1/2009,4,1.1,0
1/1/2010,4,1.1,0
2/1/2010,4,1,0.2
3/1/2010,4,1.1,0
4/1/2010,4,1.1,0
5/1/2010,4,0.8,0.2
6/1/2010,4,0.8,0
7/1/2010,4,0.9,0.1
8/1/2010,4,1.2,0.4
9/1/2010,4,1.2,0
10/1/2010,4,1.2,0
11/1/2010,4,1.3,0.4
12/1/2010,4,1.4,0.1
1/1/2011,4,1.4,0
2/1/2011,4,1.5,0.3
3/1/2011,4,1.6,0.1
4/1/2011,4,1.6,0
5/1/2011,4,1.8,0.4
6/1/2011,4,1.9,0.1
7/1/2011,4,1.9,0.1
8/1/2011,4,2,0.5
9/1/2011,4,2,0
10/1/2011,4,2,0
11/1/2011,4,1.8,0.2
12/1/2011,4,1.7,0
1/1/2012,4,1.8,0.1
2/1/2012,4,1.9,0.4
3/1/2012,4,1.8,0
4/1/2012,4,1.8,0
5/1/2012,4,1.6,0.2
6/1/2012,4,1.5,0
7/1/2012,4,1.5,0.1
8/1/2012,4,1.5,0.5
9/1/2012,4,1.5,0
10/1/2012,4,1.5,0
11/1/2012,4,1.5,0.2
12/1/2012,4,1.5,0
1/1/2013,4,1.4,0
2/1/2013,4,1.3,0.3
3/1/2013,4,1.3,0
4/1/2013,4,1.3,0
5/1/2013,4,2,1
6/1/2013,4,2,0
7/1/2013,4,1.9,0
8/1/2013,4,1.8,0.4
9/1/2013,4,1.8,0
10/1/2013,4,1.8,0
11/1/2013,4,2.3,0.7
12/1/2013,4,2.4,0.1
1/1/2014,4,3.2,0.8
2/1/2014,4,3.5,0.7
3/1/2014,4,3.6,0.1
4/1/2014,4,3.6,0
5/1/2014,4,3.1,0.5
6/1/2014,4,3.2,0.1
7/1/2014,4,3.2,0
8/1/2014,4,3.4,0.6
9/1/2014,4,3.4,0
10/1/2014,4,3.4,0
11/1/2014,4,3.5,0.7
12/1/2014,4,3.4,0
1/1/2015,4,2.1,-0.5
2/1/2015,4,2.4,0.9
3/1/2015,4,1.9,-0.4
4/1/2015,4,2.3,0.4
5/1/2015,4,2.6,0.7
6/1/2015,4,2.5,0
7/1/2015,4,2.5,0
8/1/2015,4,2.7,0.7
9/1/2015,4,2.7,0
10/1/2015,4,2.7,0
11/1/2015,4,2.5,0.5
12/1/2015,4,2.5,0
1/1/2016,4,3.1,0.2
2/1/2016,4,2.6,0.4
3/1/2016,4,3.1,0.1
4/1/2016,4,2.6,-0.1
5/1/2016,4,2.4,0.5
6/1/2016,4,2.4,0
7/1/2016,4,2.4,0
8/1/2016,4,2.1,0.4
9/1/2016,4,2.1,0
10/1/2016,4,2.1,0
11/1/2016,4,2.1,0.5
12/1/2016,4,2.1,0
1/1/2017,4,1.9,0
2/1/2017,4,2.2,0.7
3/1/2017,4,2.2,0.1
4/1/2017,4,2.3,0
5/1/2017,4,2.2,0.4
6/1/2017,4,2.2,0
7/1/2017,4,2.2,0
8/1/2017,4,2.4,0.6
9/1/2017,4,2.4,0
10/1/2017,4,2.4,0
11/1/2017,4,2.2,0.3
12/1/2017,4,2.2,0
1/1/2018,4,2.2,0
2/1/2018,4,2,0.5
3/1/2018,4,1.9,0
4/1/2018,4,1.9,0
5/1/2018,4,2.1,0.6
6/1/2018,4,1.5,-0.5
7/1/2018,4,2,0.4
8/1/2018,4,2,0.6
9/1/2018,4,2.1,0.2
10/1/2018,4,2.1,0
11/1/2018,4,2,0.3
12/1/2018,4,2,0
1/1/2019,4,2,0
2/1/2019,4,2,0.5
3/1/2019,4,2,0
4/1/2019,4,2,0
5/1/2019,4,1.8,0.3
6/1/2019,4,2.3,0
7/1/2019,4,1.9,0
8/1/2019,4,1.8,0.5
9/1/2019,4,1.6,0
10/1/2019,4,1.6,0
11/1/2019,4,1.7,0.4
12/1/2019,4,1.7,0
1/1/2020,4,1.7,0
2/1/2020,4,1.6,0.3
3/1/2020,4,1.6,0
4/1/2020,4,-2.2,-3.8
5/1/2020,4,-2.6,-0.1
6/1/2020,4,-2.6,0
7/1/2020,4,-2.6,0
8/1/2020,4,-3,0.2
9/1/2020,4,-3,0
10/1/2020,4,-3,0
11/1/2020,4,-3.3,0.1
12/1/2020,4,-3.3,0
1/1/2021,4,-0.7,2.6
2/1/2021,4,-0.8,0.2
3/1/2021,4,-0.8,0
4/1/2021,4,3.1,0.1
5/1/2021,4,3.2,0
6/1/2021,4,3.2,0
7/1/2021,4,0.7,-2.5
8/1/2021,4,0.6,0.1
9/1/2021,4,0.7,0.1
10/1/2021,4,3.2,2.5
11/1/2021,4,3.4,0.2
12/1/2021,4,3.4,0
1/1/2022,4,0.7,0
2/1/2022,4,0.8,0.3
3/1/2022,4,0.9,0.1
4/1/2022,4,0.8,0
5/1/2022,4,1.2,0.3
6/1/2022,4,1.2,0
7/1/2022,4,3.8,0.1
8/1/2022,4,4.1,0.4
9/1/2022,4,4,0
10/1/2022,4,1.5,0
11/1/2022,4,1.4,0.2
12/1/2022,4,1.5,0.1
1/1/2023,4,1.5,0
2/1/2023,4,1.7,0.6
3/1/2023,4,1.6,0
4/1/2023,4,1.6,0
5/1/2023,4,1.8,0.5
6/1/2023,4,1.8,0
7/1/2023,4,1.7,0
8/1/2023,4,1.6,0.3
9/1/2023,4,1.6,0
10/1/2023,4,1.6,0
11/1/2023,4,1.7,0.2
12/1/2023,4,1.6,0
1/1/2024,4,2,0.4
2/1/2024,4,2.7,1.3
3/1/2024,4,3,0.3
4/1/2024,4,3,0
5/1/2024,4,3.2,0.6
6/1/2024,4,3.2,0
7/1/2024,4,3.2,0
8/1/2024,4,3.1,0.2
9/1/2024,4,3.1,0
10/1/2024,4,3.1,0
11/1/2024,4,3.2,0.3
12/1/2024,4,3.2,0
1/1/2025,4,2.8,0.1
2/1/2025,4,2.3,0.7
3/1/2025,4,1.9,0
4/1/2025,4,2,0.1
5/1/2025,4,1.7,0.3
6/1/2025,4,1.7,0
7/1/2025,4,1.3,-0.4
8/1/2025,4,1.2,0.2
9/1/2025,4,1.5,0.3
10/1/2025,4,1.1,-0.5
11/1/2025,4,0.7,-0.1
12/1/2025,4,0.9,0.2
1/1/2026,4,1.2,0.3
2/1/2026,4,1.1,0.7
3/1/2026,4,1.2,0.1
2/1/2000,5,,0
3/1/2000,5,,0
4/1/2000,5,,0
5/1/2000,5,,0
6/1/2000,5,,0
7/1/2000,5,,0
8/1/2000,5,,-0.2
9/1/2000,5,,0
10/1/2000,5,,0
11/1/2000,5,,-0.1
12/1/2000,5,,0
1/1/2001,5,-0.2,0.1
2/1/2001,5,0.1,0.3
3/1/2001,5,0,-0.1
4/1/2001,5,0.1,0.1
5/1/2001,5,0.1,0
6/1/2001,5,0.1,0
7/1/2001,5,0.2,0.1
8/1/2001,5,0.2,-0.2
9/1/2001,5,0.3,0.1
10/1/2001,5,0.3,0
11/1/2001,5,0.3,-0.1
12/1/2001,5,0.1,-0.2
1/1/2002,5,0,0
2/1/2002,5,-0.3,0
3/1/2002,5,-0.3,-0.1
4/1/2002,5,-0.4,0
5/1/2002,5,-0.4,0
6/1/2002,5,-0.5,-0.1
7/1/2002,5,-0.7,0
8/1/2002,5,-0.7,-0.2
9/1/2002,5,-0.7,0.1
10/1/2002,5,-0.8,-0.1
11/1/2002,5,-0.7,0
12/1/2002,5,-0.5,-0.1
1/1/2003,5,-0.5,0
2/1/2003,5,-0.5,0
3/1/2003,5,-0.4,0
4/1/2003,5,-0.4,0
5/1/2003,5,-0.6,-0.1
6/1/2003,5,-0.4,0
7/1/2003,5,-0.4,0
8/1/2003,5,-0.4,-0.2
9/1/2003,5,-0.4,0.1
10/1/2003,5,-0.4,-0.1
11/1/2003,5,-0.6,-0.1
12/1/2003,5,-0.4,0
1/1/2004,5,-0.4,0
2/1/2004,5,-0.3,0.1
3/1/2004,5,-0.1,0.2
4/1/2004,5,0.2,0.3
5/1/2004,5,0.3,0
6/1/2004,5,0.4,0.1
7/1/2004,5,0.4,0
8/1/2004,5,0.6,-0.1
9/1/2004,5,0.6,0.1
10/1/2004,5,0.8,0.1
11/1/2004,5,0.8,-0.1
12/1/2004,5,0.9,0.1
1/1/2005,5,1.1,0.2
2/1/2005,5,1.2,0.2
3/1/2005,5,1,0
4/1/2005,5,1,0.3
5/1/2005,5,1.1,0.1
6/1/2005,5,1.1,0.1
7/1/2005,5,1.2,0.1
8/1/2005,5,1.3,0
9/1/2005,5,1.4,0.2
10/1/2005,5,1.4,0.1
11/1/2005,5,1.9,0.3
12/1/2005,5,1.8,0
1/1/2006,5,1.5,0
2/1/2006,5,1.4,0.1
3/1/2006,5,1.4,0
4/1/2006,5,1.2,0.1
5/1/2006,5,1.1,0
6/1/2006,5,1.1,0.1
7/1/2006,5,1.1,0.1
8/1/2006,5,1,-0.1
9/1/2006,5,1,0.2
10/1/2006,5,1,0.1
11/1/2006,5,0.8,0.1
12/1/2006,5,0.8,0
1/1/2007,5,1.1,0.3
2/1/2007,5,0.9,-0.1
3/1/2007,5,1.2,0.3
4/1/2007,5,1.1,0
5/1/2007,5,1.1,0
6/1/2007,5,1.1,0.1
7/1/2007,5,1.1,0.1
8/1/2007,5,1.2,0
9/1/2007,5,1.1,0.1
10/1/2007,5,1,0
11/1/2007,5,1.2,0.3
12/1/2007,5,1.2,0
1/1/2008,5,1.2,0.3
2/1/2008,5,1.6,0.3
3/1/2008,5,1.4,0.1
4/1/2008,5,1.7,0.3
5/1/2008,5,1.9,0.2
6/1/2008,5,2.6,0.7
7/1/2008,5,3.5,1
8/1/2008,5,4,0.5
9/1/2008,5,4.1,0.2
10/1/2008,5,4.6,0.4
11/1/2008,5,4.5,0.2
12/1/2008,5,4.6,0.1
1/1/2009,5,4.9,0.6
2/1/2009,5,4.7,0.2
3/1/2009,5,4.6,0
4/1/2009,5,4.4,0.1
5/1/2009,5,4.2,0
6/1/2009,5,3.5,0.1
7/1/2009,5,2.4,-0.1
8/1/2009,5,1.9,0.1
9/1/2009,5,1.7,0
10/1/2009,5,1.5,0.2
11/1/2009,5,1.4,0.1
12/1/2009,5,1.2,-0.1
1/1/2010,5,0.8,0.2
2/1/2010,5,0.5,-0.1
3/1/2010,5,0.6,0.1
4/1/2010,5,0.5,0
5/1/2010,5,-0.4,-0.9
6/1/2010,5,0.3,0.8
7/1/2010,5,0.6,0.2
8/1/2010,5,0.4,-0.1
9/1/2010,5,0.5,0.1
10/1/2010,5,0.3,0
11/1/2010,5,0.2,0
12/1/2010,5,0.2,-0.1
1/1/2011,5,1,1
2/1/2011,5,1.2,0.1
3/1/2011,5,1.1,0
4/1/2011,5,1.2,0.1
5/1/2011,5,2.3,0.2
6/1/2011,5,1.7,0.2
7/1/2011,5,2,0.5
8/1/2011,5,2.1,0
9/1/2011,5,2.2,0.2
10/1/2011,5,2.2,0
11/1/2011,5,2.3,0.1
12/1/2011,5,2.5,0.1
1/1/2012,5,1.9,0.4
2/1/2012,5,2.2,0.4
3/1/2012,5,2.4,0.2
4/1/2012,5,2.4,0.1
5/1/2012,5,2.3,0.1
6/1/2012,5,2.2,0.1
7/1/2012,5,1.7,0
8/1/2012,5,1.9,0.2
9/1/2012,5,2,0.3
10/1/2012,5,1.9,-0.1
11/1/2012,5,1.8,0
12/1/2012,5,1.6,-0.1
1/1/2013,5,1.7,0.5
2/1/2013,5,1.5,0.3
3/1/2013,5,1.7,0.4
4/1/2013,5,1.7,0.1
5/1/2013,5,1.5,-0.1
6/1/2013,5,1.6,0.2
7/1/2013,5,1.6,0
8/1/2013,5,1.4,0
9/1/2013,5,1.3,0.2
10/1/2013,5,1.4,0
11/1/2013,5,1.6,0.2
12/1/2013,5,1.6,-0.1
1/1/2014,5,1.6,0.5
2/1/2014,5,1.5,0.2
3/1/2014,5,1.1,0
4/1/2014,5,1,0
5/1/2014,5,1.2,0.1
6/1/2014,5,1,0
7/1/2014,5,0.8,-0.3
8/1/2014,5,1.1,0.4
9/1/2014,5,0.9,0
10/1/2014,5,0.9,-0.1
11/1/2014,5,0.8,0.1
12/1/2014,5,0.6,-0.3
1/1/2015,5,0.5,0.4
2/1/2015,5,0.1,-0.2
3/1/2015,5,0.2,0.1
4/1/2015,5,2.3,2.2
5/1/2015,5,2.6,0.4
6/1/2015,5,3.2,0.5
7/1/2015,5,3.9,0.4
8/1/2015,5,3.7,0.3
9/1/2015,5,3.7,0
10/1/2015,5,3.8,-0.1
11/1/2015,5,3.8,0.2
12/1/2015,5,4.2,0.1
1/1/2016,5,4.1,0.3
2/1/2016,5,4.7,0.4
3/1/2016,5,4.7,0.1
4/1/2016,5,2.6,0.1
5/1/2016,5,2.2,0
6/1/2016,5,1.7,0.1
7/1/2016,5,1.5,0.2
8/1/2016,5,1.3,0
9/1/2016,5,1.3,0
10/1/2016,5,1.5,0.2
11/1/2016,5,1.4,0.1
12/1/2016,5,1.4,0.1
1/1/2017,5,1.5,0.4
2/1/2017,5,1.5,0.4
3/1/2017,5,1.5,0.1
4/1/2017,5,1.9,0.4
5/1/2017,5,2.1,0.3
6/1/2017,5,2.1,0
7/1/2017,5,2.6,0.7
8/1/2017,5,2.7,0.1
9/1/2017,5,2.8,0.1
10/1/2017,5,2.6,0
11/1/2017,5,2.5,0
12/1/2017,5,2.4,0
1/1/2018,5,2.6,0.5
2/1/2018,5,2.1,-0.1
3/1/2018,5,2.1,0.1
4/1/2018,5,1.8,0.1
5/1/2018,5,1.5,0
6/1/2018,5,-1,-2.4
7/1/2018,5,-1.7,0
8/1/2018,5,-1.7,0.1
9/1/2018,5,-0.8,1
10/1/2018,5,-0.3,0.4
11/1/2018,5,-0.1,0.3
12/1/2018,5,0.1,0.2
1/1/2019,5,-0.3,0.2
2/1/2019,5,0.1,0.3
3/1/2019,5,0.3,0.3
4/1/2019,5,0.2,0
5/1/2019,5,0.5,0.3
6/1/2019,5,3.1,0.1
7/1/2019,5,3.3,0.2
8/1/2019,5,3.2,0
9/1/2019,5,2.1,-0.1
10/1/2019,5,1.7,0
11/1/2019,5,1.5,0.1
12/1/2019,5,1.4,0.1
1/1/2020,5,1.2,0
2/1/2020,5,1,0.1
3/1/2020,5,0.8,0
4/1/2020,5,0.3,-0.4
5/1/2020,5,-0.2,-0.2
6/1/2020,5,-0.2,0.1
7/1/2020,5,-0.1,0.3
8/1/2020,5,-0.1,0
9/1/2020,5,0.1,0.1
10/1/2020,5,0.1,0
11/1/2020,5,-0.1,-0.1
12/1/2020,5,-0.1,0.1
1/1/2021,5,0.2,0.3
2/1/2021,5,0.3,0.2
3/1/2021,5,0.9,0.6
4/1/2021,5,1.6,0.3
5/1/2021,5,2.1,0.3
6/1/2021,5,2,0
7/1/2021,5,1.7,0
8/1/2021,5,1.7,0
9/1/2021,5,1.7,0.1
10/1/2021,5,2.1,0.4
11/1/2021,5,2.6,0.3
12/1/2021,5,2.7,0.3
1/1/2022,5,3.1,0.6
2/1/2022,5,3.2,0.2
3/1/2022,5,3,0.4
4/1/2022,5,2.7,0.1
5/1/2022,5,2.9,0.5
6/1/2022,5,3.4,0.4
7/1/2022,5,4,0.6
8/1/2022,5,4.3,0.3
9/1/2022,5,4.4,0.2
10/1/2022,5,4.1,0.2
11/1/2022,5,3.8,0.1
12/1/2022,5,3.7,0.1
1/1/2023,5,3.5,0.4
2/1/2023,5,3.4,0.2
3/1/2023,5,3.1,0.2
4/1/2023,5,3,0
5/1/2023,5,2.7,0.2
6/1/2023,5,2.3,0
7/1/2023,5,1.9,0.2
8/1/2023,5,1.7,0.2
9/1/2023,5,1.5,0
10/1/2023,5,1.4,0.1
11/1/2023,5,1.4,0.1
12/1/2023,5,1.4,0
1/1/2024,5,1,0
2/1/2024,5,0.9,0.1
3/1/2024,5,0.9,0.2
4/1/2024,5,1,0.1
5/1/2024,5,0.8,0
6/1/2024,5,0.9,0.1
7/1/2024,5,0.9,0.2
8/1/2024,5,0.7,0
9/1/2024,5,0.6,-0.1
10/1/2024,5,0.5,-0.1
11/1/2024,5,0.5,0.1
12/1/2024,5,0.4,-0.1
1/1/2025,5,0.5,0.1
2/1/2025,5,0.3,-0.1
3/1/2025,5,0.2,0.1
4/1/2025,5,0.1,-0.1
5/1/2025,5,0.2,0.1
6/1/2025,5,0.1,0
7/1/2025,5,0.1,0.2
8/1/2025,5,0.2,0.1
9/1/2025,5,0.2,0
10/1/2025,5,0.3,0
11/1/2025,5,0.2,0
12/1/2025,5,0.3,0
1/1/2026,5,0.2,-0.1
2/1/2026,5,0.2,0
3/1/2026,5,0.1,-0.1
2/1/2000,6,,0.1
3/1/2000,6,,0
4/1/2000,6,,0.2
5/1/2000,6,,0.1
6/1/2000,6,,0.1
7/1/2000,6,,0.2
8/1/2000,6,,0.2
9/1/2000,6,,0
10/1/2000,6,,0.1
11/1/2000,6,,0.2
12/1/2000,6,,0.1
1/1/2001,6,2.3,0.7
2/1/2001,6,2.4,0.2
3/1/2001,6,2.7,0.2
4/1/2001,6,2.9,0.5
5/1/2001,6,2.9,0.1
6/1/2001,6,2.9,0.1
7/1/2001,6,3,0.4
8/1/2001,6,3,0.2
9/1/2001,6,3.3,0.2
10/1/2001,6,3.3,0.1
11/1/2001,6,3,0
12/1/2001,6,3,0.1
1/1/2002,6,2.5,0.2
2/1/2002,6,2.5,0.2
3/1/2002,6,2.6,0.3
4/1/2002,6,2.3,0.1
5/1/2002,6,2.5,0.3
6/1/2002,6,2.6,0.2
7/1/2002,6,2.4,0.1
8/1/2002,6,2.4,0.2
9/1/2002,6,2.2,0.1
10/1/2002,6,2.1,0
11/1/2002,6,2.2,0.1
12/1/2002,6,2.2,0.1
1/1/2003,6,2.3,0.3
2/1/2003,6,2.1,0
3/1/2003,6,2,0.2
4/1/2003,6,2.1,0.2
5/1/2003,6,1.8,0.1
6/1/2003,6,1.6,0
7/1/2003,6,1.6,0.1
8/1/2003,6,1.5,0.1
9/1/2003,6,1.4,0
10/1/2003,6,1.6,0.2
11/1/2003,6,1.5,0
12/1/2003,6,1.5,0.1
1/1/2004,6,1.4,0.2
2/1/2004,6,1.5,0.1
3/1/2004,6,1.3,0
4/1/2004,6,1.1,0.1
5/1/2004,6,1.2,0.2
6/1/2004,6,1.4,0.1
7/1/2004,6,1.4,0.1
8/1/2004,6,1.2,0
9/1/2004,6,1.5,0.2
10/1/2004,6,1.5,0.2
11/1/2004,6,1.5,0
12/1/2004,6,1.4,0
1/1/2005,6,1.4,0.2
2/1/2005,6,1.2,0
3/1/2005,6,1.3,0.1
4/1/2005,6,1.3,0.1
5/1/2005,6,1.2,0.1
6/1/2005,6,1.2,0.1
7/1/2005,6,1.9,0.8
8/1/2005,6,2.7,0.8
9/1/2005,6,2.6,0.1
10/1/2005,6,2.3,0
11/1/2005,6,2.7,0.3
12/1/2005,6,2.6,-0.1
1/1/2006,6,2.6,0.2
2/1/2006,6,2.8,0.2
3/1/2006,6,2.7,0
4/1/2006,6,2.7,0.1
5/1/2006,6,2.8,0.2
6/1/2006,6,2.7,0
7/1/2006,6,2.2,0.3
8/1/2006,6,1.5,0.1
9/1/2006,6,1.6,0.2
10/1/2006,6,1.6,0
11/1/2006,6,1.5,0.2
12/1/2006,6,1.7,0.1
1/1/2007,6,1.6,0.1
2/1/2007,6,1.5,0.1
3/1/2007,6,1.5,0
4/1/2007,6,1.6,0.2
5/1/2007,6,1.5,0.1
6/1/2007,6,1.6,0.1
7/1/2007,6,1.4,0.1
8/1/2007,6,1.3,0
9/1/2007,6,1.4,0.3
10/1/2007,6,1.5,0.1
11/1/2007,6,1.4,0.1
12/1/2007,6,1.5,0.2
1/1/2008,6,1.8,0.4
2/1/2008,6,1.8,0.1
3/1/2008,6,1.9,0.1
4/1/2008,6,1.9,0.2
5/1/2008,6,2,0.2
6/1/2008,6,2.1,0.2
7/1/2008,6,2.3,0.3
8/1/2008,6,2.5,0.2
9/1/2008,6,2.3,0.1
10/1/2008,6,2.5,0.3
11/1/2008,6,2.8,0.4
12/1/2008,6,2.6,0
1/1/2009,6,2.5,0.3
2/1/2009,6,2.6,0.2
3/1/2009,6,2.5,0
4/1/2009,6,2.4,0.1
5/1/2009,6,2.5,0.3
6/1/2009,6,2.5,0.2
7/1/2009,6,2.3,0.1
8/1/2009,6,2.2,0.1
9/1/2009,6,2.2,0.1
10/1/2009,6,1.9,0
11/1/2009,6,1.6,0.2
12/1/2009,6,1.5,-0.1
1/1/2010,6,1.5,0.3
2/1/2010,6,1.3,0
3/1/2010,6,1.2,-0.1
4/1/2010,6,1.5,0.4
5/1/2010,6,1.3,0.1
6/1/2010,6,1.3,0.2
7/1/2010,6,1.3,0.1
8/1/2010,6,1.3,0.1
9/1/2010,6,1.4,0.2
10/1/2010,6,1.5,0.1
11/1/2010,6,1.4,0.1
12/1/2010,6,1.7,0.2
1/1/2011,6,2.1,0.7
2/1/2011,6,2.7,0.6
3/1/2011,6,2.7,-0.1
4/1/2011,6,2.5,0.2
5/1/2011,6,2.6,0.2
6/1/2011,6,2.5,0.1
7/1/2011,6,2.7,0.3
8/1/2011,6,2.9,0.3
9/1/2011,6,3,0.3
10/1/2011,6,3.1,0.2
11/1/2011,6,3,0
12/1/2011,6,2.8,0
1/1/2012,6,2.4,0.3
2/1/2012,6,2,0.2
3/1/2012,6,2.2,0.1
4/1/2012,6,2.2,0.2
5/1/2012,6,2.1,0.1
6/1/2012,6,2,0.1
7/1/2012,6,1.9,0.2
8/1/2012,6,1.7,0.1
9/1/2012,6,1.9,0.5
10/1/2012,6,1.8,0.1
11/1/2012,6,2,0.2
12/1/2012,6,2.1,0.1
1/1/2013,6,2,0.2
2/1/2013,6,1.9,0.1
3/1/2013,6,1.9,0.1
4/1/2013,6,2.1,0.4
5/1/2013,6,2.2,0.2
6/1/2013,6,1.9,-0.2
7/1/2013,6,1.8,0.1
8/1/2013,6,1.9,0.2
9/1/2013,6,1.7,0.3
10/1/2013,6,1.7,0.1
11/1/2013,6,1.8,0.3
12/1/2013,6,1.9,0.2
1/1/2014,6,2.1,0.4
2/1/2014,6,2.2,0.2
3/1/2014,6,2.3,0.2
4/1/2014,6,2.3,0.5
5/1/2014,6,2.4,0.3
6/1/2014,6,3.1,0.5
7/1/2014,6,3.3,0.3
8/1/2014,6,3.3,0.2
9/1/2014,6,3.4,0.4
10/1/2014,6,3.4,0.1
11/1/2014,6,3.4,0.4
12/1/2014,6,3.3,0.1
1/1/2015,6,3.2,0.3
2/1/2015,6,3.4,0.4
3/1/2015,6,3.6,0.4
4/1/2015,6,5,1.9
5/1/2015,6,5,0.3
6/1/2015,6,5,0.4
7/1/2015,6,4.8,0.1
8/1/2015,6,4.7,0.1
9/1/2015,6,4.6,0.3
10/1/2015,6,4.7,0.2
11/1/2015,6,4.4,0.1
12/1/2015,6,4.6,0.3
1/1/2016,6,4.6,0.3
2/1/2016,6,4.5,0.3
3/1/2016,6,4.2,0
4/1/2016,6,2.2,-0.1
5/1/2016,6,2,0.1
6/1/2016,6,2,0.4
7/1/2016,6,2,0.1
8/1/2016,6,2.2,0.3
9/1/2016,6,2.2,0.3
10/1/2016,6,2.3,0.3
11/1/2016,6,2.5,0.3
12/1/2016,6,2.4,0.2
1/1/2017,6,2.5,0.3
2/1/2017,6,2.4,0.3
3/1/2017,6,2.6,0.2
4/1/2017,6,2.8,0.2
5/1/2017,6,2.9,0.2
6/1/2017,6,2.6,0.2
7/1/2017,6,2.9,0.3
8/1/2017,6,2.7,0.1
9/1/2017,6,2.5,0.2
10/1/2017,6,2.4,0.1
11/1/2017,6,2.2,0.1
12/1/2017,6,2.3,0.2
1/1/2018,6,2.3,0.3
2/1/2018,6,2.1,0.1
3/1/2018,6,2,0.1
4/1/2018,6,2.1,0.2
5/1/2018,6,1.9,0
6/1/2018,6,0.3,-1.4
7/1/2018,6,0,0
8/1/2018,6,0,0.1
9/1/2018,6,-0.2,0
10/1/2018,6,-0.2,0
11/1/2018,6,-0.2,0.2
12/1/2018,6,-0.4,0
1/1/2019,6,-0.5,0.2
2/1/2019,6,-0.4,0.2
3/1/2019,6,-0.2,0.2
4/1/2019,6,-0.3,0.2
5/1/2019,6,-0.3,0
6/1/2019,6,1.2,0.2
7/1/2019,6,1.3,0.1
8/1/2019,6,1.4,0.2
9/1/2019,6,1.3,-0.1
10/1/2019,6,1.4,0.1
11/1/2019,6,1.4,0.2
12/1/2019,6,1.4,0
1/1/2020,6,1.4,0.2
2/1/2020,6,1.3,0.1
3/1/2020,6,1.4,0.3
4/1/2020,6,1.2,0
5/1/2020,6,1.2,0
6/1/2020,6,1.1,0.1
7/1/2020,6,1.1,0.1
8/1/2020,6,1.1,0.1
9/1/2020,6,1.1,0
10/1/2020,6,1.1,0.1
11/1/2020,6,1,0
12/1/2020,6,1,0
1/1/2021,6,0.7,0
2/1/2021,6,0.7,0.1
3/1/2021,6,0.5,0.1
4/1/2021,6,0.5,0
5/1/2021,6,0.6,0.1
6/1/2021,6,0.5,0
7/1/2021,6,0.4,0
8/1/2021,6,0.3,0
9/1/2021,6,0.3,0
10/1/2021,6,0.2,0
11/1/2021,6,0.2,0
12/1/2021,6,0.2,0
1/1/2022,6,0.3,0.1
2/1/2022,6,0.5,0.2
3/1/2022,6,0.2,-0.2
4/1/2022,6,0.2,0.1
5/1/2022,6,0.4,0.2
6/1/2022,6,0.6,0.2
7/1/2022,6,0.8,0.2
8/1/2022,6,0.9,0.1
9/1/2022,6,1,0.1
10/1/2022,6,1,0.1
11/1/2022,6,1.4,0.3
12/1/2022,6,1.3,-0.1
1/1/2023,6,1.6,0.4
2/1/2023,6,1.8,0.5
3/1/2023,6,2.2,0.1
4/1/2023,6,2.1,0
5/1/2023,6,1.9,0.1
6/1/2023,6,2,0.2
7/1/2023,6,2,0.2
8/1/2023,6,2.4,0.5
9/1/2023,6,2.2,-0.1
10/1/2023,6,2.4,0.2
11/1/2023,6,2.3,0.2
12/1/2023,6,2.5,0.2
1/1/2024,6,2.4,0.2
2/1/2024,6,2.2,0.3
3/1/2024,6,2.1,0
4/1/2024,6,2.3,0.2
5/1/2024,6,2.2,0
6/1/2024,6,1.8,-0.2
7/1/2024,6,1.9,0.3
8/1/2024,6,1.6,0.2
9/1/2024,6,1.6,-0.1
10/1/2024,6,1.4,0.1
11/1/2024,6,1.2,0
12/1/2024,6,1.1,0.1
1/1/2025,6,1.2,0.3
2/1/2025,6,1,0.2
3/1/2025,6,1,0
4/1/2025,6,0.9,0.1
5/1/2025,6,1.1,0.2
6/1/2025,6,1.2,0
7/1/2025,6,1.2,0.3
8/1/2025,6,1.1,0.1
9/1/2025,6,1.3,0.1
10/1/2025,6,1.5,0.2
11/1/2025,6,1.5,0
12/1/2025,6,1.5,0.2
1/1/2026,6,1.4,0.2
2/1/2026,6,1.2,0
3/1/2026,6,1.4,0.2
2/1/2000,7,,0.1
3/1/2000,7,,0.1
4/1/2000,7,,0
5/1/2000,7,,0.1
6/1/2000,7,,0
7/1/2000,7,,0.3
8/1/2000,7,,0.4
9/1/2000,7,,0
10/1/2000,7,,2.3
11/1/2000,7,,0
12/1/2000,7,,0
1/1/2001,7,3.9,0.4
2/1/2001,7,4.1,0.4
3/1/2001,7,4.1,0.1
4/1/2001,7,4.3,0.1
5/1/2001,7,4.1,0
6/1/2001,7,4.1,0
7/1/2001,7,3.8,0
8/1/2001,7,3.7,0.3
9/1/2001,7,3.7,0
10/1/2001,7,1.3,0
11/1/2001,7,3.6,2.2
12/1/2001,7,3.5,-0.1
1/1/2002,7,3.2,0.1
2/1/2002,7,2.8,0
3/1/2002,7,7.7,4.9
4/1/2002,7,7.5,0
5/1/2002,7,7.9,0.4
6/1/2002,7,7.9,0
7/1/2002,7,7.9,0
8/1/2002,7,7.6,0
9/1/2002,7,7.5,-0.1
10/1/2002,7,7.5,0
11/1/2002,7,5.4,0.2
12/1/2002,7,5.4,-0.1
1/1/2003,7,5.4,0.1
2/1/2003,7,5.4,0
3/1/2003,7,0.7,0.2
4/1/2003,7,1.5,0.7
5/1/2003,7,1.1,0
6/1/2003,7,1.1,0
7/1/2003,7,1,-0.1
8/1/2003,7,1,0
9/1/2003,7,1,-0.1
10/1/2003,7,0.9,-0.1
11/1/2003,7,0.6,0
12/1/2003,7,0.7,0
1/1/2004,7,0.6,0
2/1/2004,7,0.7,0.1
3/1/2004,7,0.5,0
4/1/2004,7,-0.2,0
5/1/2004,7,0.2,0.5
6/1/2004,7,0.2,0
7/1/2004,7,0.4,0
8/1/2004,7,0.5,0.1
9/1/2004,7,0.6,0
10/1/2004,7,1.7,1
11/1/2004,7,1.7,0
12/1/2004,7,1.7,0
1/1/2005,7,1.9,0.2
2/1/2005,7,1.9,0.1
3/1/2005,7,2.1,0.1
4/1/2005,7,2.1,0
5/1/2005,7,5.7,4
6/1/2005,7,5.7,0
7/1/2005,7,5.9,0.2
8/1/2005,7,9.3,3.3
9/1/2005,7,9.3,0
10/1/2005,7,8.2,0
11/1/2005,7,8.4,0.1
12/1/2005,7,8.4,0
1/1/2006,7,8.2,0.1
2/1/2006,7,8.1,0
3/1/2006,7,17.9,9.2
4/1/2006,7,17,-0.8
5/1/2006,7,12.4,0
6/1/2006,7,12.4,0
7/1/2006,7,12.2,0
8/1/2006,7,8.7,0.1
9/1/2006,7,8.8,0.1
10/1/2006,7,8.8,0
11/1/2006,7,8.7,0
12/1/2006,7,8.7,0
1/1/2007,7,9.2,0.6
2/1/2007,7,9.2,0
3/1/2007,7,0.2,0.2
4/1/2007,7,1,0
5/1/2007,7,1,0
6/1/2007,7,1.2,0.2
7/1/2007,7,1.2,0
8/1/2007,7,1.1,0
9/1/2007,7,1.1,0.1
10/1/2007,7,1.1,0
11/1/2007,7,1.2,0.1
12/1/2007,7,1.3,0.1
1/1/2008,7,1,0.3
2/1/2008,7,1,0
3/1/2008,7,0.8,0
4/1/2008,7,0.8,0
5/1/2008,7,0.9,0.1
6/1/2008,7,19.7,18.8
7/1/2008,7,22.7,2.5
8/1/2008,7,21.9,-0.7
9/1/2008,7,18.1,-3
10/1/2008,7,13.8,-3.6
11/1/2008,7,6.1,-6.7
12/1/2008,7,-0.3,-5.9
1/1/2009,7,-2.1,-1.5
2/1/2009,7,-2.1,0
3/1/2009,7,-2.1,0
4/1/2009,7,-2.3,-0.2
5/1/2009,7,-2.6,-0.2
6/1/2009,7,-18,0
7/1/2009,7,-20,0.1
8/1/2009,7,-19.3,0.1
9/1/2009,7,-16.3,0.7
10/1/2009,7,-13.2,-0.1
11/1/2009,7,-6.8,0.2
12/1/2009,7,-0.9,0
1/1/2010,7,0.7,0.1
2/1/2010,7,0.8,0.1
3/1/2010,7,0.8,0
4/1/2010,7,1,0
5/1/2010,7,1.2,0
6/1/2010,7,1.3,0.1
7/1/2010,7,2,0.8
8/1/2010,7,2.9,0.9
9/1/2010,7,2.1,0
10/1/2010,7,2.2,0
11/1/2010,7,2.2,0.2
12/1/2010,7,4.1,1.9
1/1/2011,7,4.3,0.3
2/1/2011,7,4.5,0.3
3/1/2011,7,4.6,0.1
4/1/2011,7,5.3,0.6
5/1/2011,7,6,0.7
6/1/2011,7,5.8,-0.1
7/1/2011,7,4.8,-0.1
8/1/2011,7,4,0.1
9/1/2011,7,3.9,-0.1
10/1/2011,7,4,0.1
11/1/2011,7,3.9,0.1
12/1/2011,7,1.9,0
1/1/2012,7,1.6,0
2/1/2012,7,1.4,0
3/1/2012,7,1.3,0
4/1/2012,7,1,0.3
5/1/2012,7,0.4,0.1
6/1/2012,7,0.2,-0.3
7/1/2012,7,-0.2,-0.5
8/1/2012,7,0,0.3
9/1/2012,7,0.9,0.8
10/1/2012,7,0.8,0
11/1/2012,7,0.8,0.1
12/1/2012,7,0.4,-0.4
1/1/2013,7,0.4,0
2/1/2013,7,0.4,0
3/1/2013,7,1,0.6
4/1/2013,7,0.6,-0.1
5/1/2013,7,0.4,-0.1
6/1/2013,7,0.3,-0.4
7/1/2013,7,0.9,0.1
8/1/2013,7,0.6,0
9/1/2013,7,4.6,4.8
10/1/2013,7,4.9,0.3
11/1/2013,7,4.9,0.1
12/1/2013,7,5,-0.3
1/1/2014,7,5.3,0.3
2/1/2014,7,5.5,0.2
3/1/2014,7,5.1,0.2
4/1/2014,7,5.3,0.1
5/1/2014,7,5.5,0.1
6/1/2014,7,5.5,-0.4
7/1/2014,7,5.4,0
8/1/2014,7,5.5,0.1
9/1/2014,7,0.5,-0.2
10/1/2014,7,5.3,5.1
11/1/2014,7,5,-0.2
12/1/2014,7,4,-1.3
1/1/2015,7,-6,-9.4
2/1/2015,7,-11.8,-6
3/1/2015,7,-4.9,8
4/1/2015,7,-4.8,0.3
5/1/2015,7,-4.7,0.2
6/1/2015,7,-1.4,3
7/1/2015,7,1.6,3.1
8/1/2015,7,-1.2,-2.7
9/1/2015,7,-3.8,-2.8
10/1/2015,7,-5.7,3
11/1/2015,7,-5.2,0.4
12/1/2015,7,-6.2,-2.3
1/1/2016,7,0.6,-2.9
2/1/2016,7,3.6,-3.1
3/1/2016,7,-8.2,-4.3
4/1/2016,7,-5.5,3.3
5/1/2016,7,-5.6,0
6/1/2016,7,-8.5,-0.1
7/1/2016,7,-9.9,1.5
8/1/2016,7,-6.7,0.8
9/1/2016,7,-5.5,-1.6
10/1/2016,7,-5.5,3.1
11/1/2016,7,-1.5,4.5
12/1/2016,7,-0.6,-1.4
1/1/2017,7,8.3,5.9
2/1/2017,7,17.9,5.5
3/1/2017,7,23,-0.3
4/1/2017,7,16.7,-1.9
5/1/2017,7,13.1,-3.2
6/1/2017,7,10.5,-2.4
7/1/2017,7,7.7,-1.1
8/1/2017,7,11.7,4.6
9/1/2017,7,15.8,2
10/1/2017,7,12.1,-0.2
11/1/2017,7,10.8,3.3
12/1/2017,7,11.5,-0.7
1/1/2018,7,5.7,0.4
2/1/2018,7,-0.3,-0.6
3/1/2018,7,-1.5,-1.4
4/1/2018,7,0.4,0
5/1/2018,7,3.8,0.1
6/1/2018,7,5.5,-0.8
7/1/2018,7,6.7,0
8/1/2018,7,2.1,0.1
9/1/2018,7,0.3,0.3
10/1/2018,7,0.8,0.3
11/1/2018,7,-2.3,0.1
12/1/2018,7,-2,-0.4
1/1/2019,7,-7.8,-5.5
2/1/2019,7,-6.8,0.5
3/1/2019,7,-3,2.6
4/1/2019,7,-2.6,0.4
5/1/2019,7,-2.5,0.2
6/1/2019,7,-2.1,-0.3
7/1/2019,7,-1.9,0.2
8/1/2019,7,-2.1,-0.1
9/1/2019,7,-2.2,0.1
10/1/2019,7,-2.3,0.2
11/1/2019,7,-2.4,0
12/1/2019,7,-1.9,0.1
1/1/2020,7,3.9,0.1
2/1/2020,7,2.4,-1
3/1/2020,7,-8.9,-8.7
4/1/2020,7,-21.5,-13.5
5/1/2020,7,-20.8,1
6/1/2020,7,-14.3,7.8
7/1/2020,7,-10.3,4.9
8/1/2020,7,-9.9,0.4
9/1/2020,7,-9.9,0
10/1/2020,7,-10.2,-0.1
11/1/2020,7,-11.1,-1
12/1/2020,7,-8.4,3
1/1/2021,7,-5.1,3.7
2/1/2021,7,-2,2.3
3/1/2021,7,9.8,2.3
4/1/2021,7,27,0.1
5/1/2021,7,26,0.2
6/1/2021,7,16.6,-0.2
7/1/2021,7,11.6,0.3
8/1/2021,7,11,-0.1
9/1/2021,7,11,0
10/1/2021,7,11.3,0.2
11/1/2021,7,12.7,0.3
12/1/2021,7,9.5,0.1
1/1/2022,7,6,0.4
2/1/2022,7,3.9,0.2
3/1/2022,7,2.6,1.1
4/1/2022,7,3,0.4
5/1/2022,7,3.9,1.1
6/1/2022,7,5.4,1.3
7/1/2022,7,5.6,0.5
8/1/2022,7,5.2,-0.4
9/1/2022,7,5.3,0.1
10/1/2022,7,5.2,0.1
11/1/2022,7,5,0
12/1/2022,7,4.9,0.1
1/1/2023,7,4,-0.5
2/1/2023,7,3.7,-0.1
3/1/2023,7,2.4,-0.2
4/1/2023,7,2.3,0.3
5/1/2023,7,1,-0.2
6/1/2023,7,0,0.2
7/1/2023,7,-0.4,0.1
8/1/2023,7,0,0
9/1/2023,7,-0.1,0
10/1/2023,7,0,0.2
11/1/2023,7,0.1,0.1
12/1/2023,7,0.3,0.3
1/1/2024,7,0.7,-0.1
2/1/2024,7,1.2,0.4
3/1/2024,7,1.2,-0.2
4/1/2024,7,0.8,-0.1
5/1/2024,7,0.9,-0.1
6/1/2024,7,1.2,0.5
7/1/2024,7,1.2,0.2
8/1/2024,7,1.3,0.1
9/1/2024,7,1.1,-0.2
10/1/2024,7,0.7,-0.2
11/1/2024,7,0.4,-0.2
12/1/2024,7,0.4,0.3
1/1/2025,7,0.9,0.4
2/1/2025,7,0.7,0.2
3/1/2025,7,0.7,-0.2
4/1/2025,7,0.7,0
5/1/2025,7,0.7,-0.2
6/1/2025,7,0.3,0.2
7/1/2025,7,0.4,0.2
8/1/2025,7,0.2,-0.1
9/1/2025,7,0.7,0.2
10/1/2025,7,-0.1,-0.9
11/1/2025,7,0.2,0
12/1/2025,7,0.1,0.2
1/1/2026,7,-0.7,-0.4
2/1/2026,7,-0.7,0.2
3/1/2026,7,1.6,2.1
2/1/2000,8,,
3/1/2000,8,,
4/1/2000,8,,
5/1/2000,8,,
6/1/2000,8,,
7/1/2000,8,,
8/1/2000,8,,
9/1/2000,8,,
10/1/2000,8,,
11/1/2000,8,,
12/1/2000,8,,
1/1/2001,8,,
2/1/2001,8,,
3/1/2001,8,,
4/1/2001,8,,
5/1/2001,8,,
6/1/2001,8,,
7/1/2001,8,,
8/1/2001,8,,
9/1/2001,8,,
10/1/2001,8,,
11/1/2001,8,,
12/1/2001,8,,
1/1/2002,8,,
2/1/2002,8,,
3/1/2002,8,,
4/1/2002,8,,
5/1/2002,8,,
6/1/2002,8,,
7/1/2002,8,,
8/1/2002,8,,
9/1/2002,8,,
10/1/2002,8,,
11/1/2002,8,,
12/1/2002,8,,
1/1/2003,8,,
2/1/2003,8,,
3/1/2003,8,,
4/1/2003,8,,
5/1/2003,8,,
6/1/2003,8,,
7/1/2003,8,,
8/1/2003,8,,
9/1/2003,8,,
10/1/2003,8,,
11/1/2003,8,,
12/1/2003,8,,
1/1/2004,8,,
2/1/2004,8,,
3/1/2004,8,,
4/1/2004,8,,
5/1/2004,8,,
6/1/2004,8,,
7/1/2004,8,,
8/1/2004,8,,
9/1/2004,8,,
10/1/2004,8,,
11/1/2004,8,,
12/1/2004,8,,
1/1/2005,8,,
2/1/2005,8,,0
3/1/2005,8,,-0.1
4/1/2005,8,,-0.2
5/1/2005,8,,-0.1
6/1/2005,8,,-0.2
7/1/2005,8,,0
8/1/2005,8,,-0.1
9/1/2005,8,,0
10/1/2005,8,,-0.1
11/1/2005,8,,-0.1
12/1/2005,8,,-0.2
1/1/2006,8,-1,0
2/1/2006,8,-1.1,-0.1
3/1/2006,8,-1.2,-0.2
4/1/2006,8,-1.3,-0.3
5/1/2006,8,-1.4,-0.2
6/1/2006,8,-1.4,-0.2
7/1/2006,8,-1.5,-0.1
8/1/2006,8,-1.5,-0.1
9/1/2006,8,-1.6,-0.1
10/1/2006,8,-1.6,-0.1
11/1/2006,8,-1.6,-0.1
12/1/2006,8,-1.5,-0.1
1/1/2007,8,-1.6,-0.1
2/1/2007,8,-1.6,-0.1
3/1/2007,8,-1.5,-0.1
4/1/2007,8,-1.4,-0.1
5/1/2007,8,-1.3,-0.1
6/1/2007,8,-1.2,-0.1
7/1/2007,8,-1.1,0
8/1/2007,8,-1.2,-0.2
9/1/2007,8,-0.9,0.2
10/1/2007,8,-1,-0.2
11/1/2007,8,-0.9,0
12/1/2007,8,-0.9,-0.1
1/1/2008,8,-0.9,-0.1
2/1/2008,8,-0.8,0
3/1/2008,8,-0.7,0
4/1/2008,8,-0.7,-0.1
5/1/2008,8,-0.7,-0.1
6/1/2008,8,-0.6,0
7/1/2008,8,-0.7,-0.1
8/1/2008,8,-0.5,0
9/1/2008,8,-0.7,0
10/1/2008,8,-0.5,0
11/1/2008,8,-0.6,-0.1
12/1/2008,8,-0.6,-0.1
1/1/2009,8,-0.5,0
2/1/2009,8,-0.5,0
3/1/2009,8,-0.6,-0.1
4/1/2009,8,-0.5,0
5/1/2009,8,-0.4,0
6/1/2009,8,-0.5,-0.1
7/1/2009,8,-0.4,0
8/1/2009,8,-0.4,0
9/1/2009,8,-0.5,-0.1
10/1/2009,8,-0.5,0
11/1/2009,8,-0.4,0
12/1/2009,8,-0.4,-0.1
1/1/2010,8,-0.4,0
2/1/2010,8,-0.4,0
3/1/2010,8,-0.4,-0.1
4/1/2010,8,-0.9,-0.5
5/1/2010,8,-0.9,0
6/1/2010,8,-0.8,0
7/1/2010,8,-0.4,0.4
8/1/2010,8,-0.5,-0.1
9/1/2010,8,-0.3,0.1
10/1/2010,8,-0.4,-0.1
11/1/2010,8,-0.4,0
12/1/2010,8,-0.3,0
1/1/2011,8,-0.3,0
2/1/2011,8,-0.3,0
3/1/2011,8,-0.2,0
4/1/2011,8,0.2,-0.1
5/1/2011,8,0.1,-0.1
6/1/2011,8,0,-0.1
7/1/2011,8,-0.4,0
8/1/2011,8,-0.4,-0.1
9/1/2011,8,-0.5,0
10/1/2011,8,-0.5,-0.1
11/1/2011,8,-0.5,0
12/1/2011,8,-0.6,-0.1
1/1/2012,8,-0.6,0
2/1/2012,8,-0.6,0
3/1/2012,8,-0.7,-0.1
4/1/2012,8,-0.7,-0.1
5/1/2012,8,-0.6,0
6/1/2012,8,-0.6,-0.1
7/1/2012,8,-0.6,0
8/1/2012,8,-0.6,-0.1
9/1/2012,8,-0.7,-0.1
10/1/2012,8,-0.7,-0.1
11/1/2012,8,-0.7,0
12/1/2012,8,-0.6,0
1/1/2013,8,-0.8,-0.2
2/1/2013,8,-0.7,0.1
3/1/2013,8,-0.7,-0.1
4/1/2013,8,-0.7,-0.1
5/1/2013,8,-0.7,0
6/1/2013,8,-0.7,-0.1
7/1/2013,8,-0.7,0
8/1/2013,8,-0.7,-0.1
9/1/2013,8,-0.6,0
10/1/2013,8,-0.5,0
11/1/2013,8,-0.6,-0.1
12/1/2013,8,-0.6,0
1/1/2014,8,-0.4,0
2/1/2014,8,-0.6,-0.1
3/1/2014,8,-0.5,0
4/1/2014,8,-0.6,-0.2
5/1/2014,8,-0.7,-0.1
6/1/2014,8,-0.6,0
7/1/2014,8,-0.7,-0.1
8/1/2014,8,-0.7,-0.1
9/1/2014,8,-0.8,-0.1
10/1/2014,8,-0.9,-0.1
11/1/2014,8,-0.9,-0.1
12/1/2014,8,-0.9,0
1/1/2015,8,-1,-0.1
2/1/2015,8,-0.9,0
3/1/2015,8,-0.9,0
4/1/2015,8,2.3,3.1
5/1/2015,8,2.6,0.1
6/1/2015,8,2.6,0
7/1/2015,8,2.8,0.1
8/1/2015,8,3,0.1
9/1/2015,8,3.2,0.1
10/1/2015,8,3.3,0
11/1/2015,8,3.4,0
12/1/2015,8,3.3,-0.1
1/1/2016,8,0.9,-2.4
2/1/2016,8,0.9,0
3/1/2016,8,0.9,0
4/1/2016,8,-2.1,0
5/1/2016,8,-2.2,0
6/1/2016,8,-2.2,0
7/1/2016,8,-2.3,0
8/1/2016,8,-2.4,0
9/1/2016,8,-2.6,-0.1
10/1/2016,8,-2.6,0
11/1/2016,8,-2.7,-0.1
12/1/2016,8,-2.6,0
1/1/2017,8,-0.2,0
2/1/2017,8,-0.3,-0.1
3/1/2017,8,-0.2,0.1
4/1/2017,8,-0.3,-0.1
5/1/2017,8,-0.3,0
6/1/2017,8,-0.3,0
7/1/2017,8,-0.3,0
8/1/2017,8,-0.3,0
9/1/2017,8,-0.3,-0.1
10/1/2017,8,-0.4,-0.1
11/1/2017,8,-0.5,-0.2
12/1/2017,8,-0.5,0
1/1/2018,8,-0.5,0
2/1/2018,8,-0.5,-0.1
3/1/2018,8,-0.7,-0.1
4/1/2018,8,-0.7,-0.1
5/1/2018,8,-0.9,-0.2
6/1/2018,8,-3.9,-3
7/1/2018,8,-3.9,0
8/1/2018,8,-4,-0.1
9/1/2018,8,-1.6,2.3
10/1/2018,8,-1.5,0
11/1/2018,8,-1.3,0
12/1/2018,8,-1.3,0
1/1/2019,8,-1.3,0
2/1/2019,8,-1.2,0
3/1/2019,8,-1.1,0
4/1/2019,8,-1.1,-0.1
5/1/2019,8,-0.9,0
6/1/2019,8,2.1,0
7/1/2019,8,2.1,0
8/1/2019,8,2.2,0
9/1/2019,8,-0.1,0
10/1/2019,8,1.5,1.6
11/1/2019,8,1.5,0
12/1/2019,8,1.5,0
1/1/2020,8,1.5,0
2/1/2020,8,1.5,0
3/1/2020,8,1.5,0
4/1/2020,8,1.6,0
5/1/2020,8,1.6,0
6/1/2020,8,1.6,0
7/1/2020,8,1.6,0
8/1/2020,8,1.6,0
9/1/2020,8,1.6,0
10/1/2020,8,0,0
11/1/2020,8,0,0
12/1/2020,8,0,0
1/1/2021,8,0,0
2/1/2021,8,0,0
3/1/2021,8,0,0
4/1/2021,8,0,0
5/1/2021,8,0,0
6/1/2021,8,0,0
7/1/2021,8,0,0
8/1/2021,8,0,0
9/1/2021,8,0,0
10/1/2021,8,0,0
11/1/2021,8,0,0
12/1/2021,8,0,0
1/1/2022,8,0,0
2/1/2022,8,0,0
3/1/2022,8,0,0
4/1/2022,8,0,0
5/1/2022,8,0,0
6/1/2022,8,0,0
7/1/2022,8,0,0
8/1/2022,8,0,0
9/1/2022,8,0,0
10/1/2022,8,0,0
11/1/2022,8,0,0
12/1/2022,8,-0.1,-0.1
1/1/2023,8,-1.4,-1.3
2/1/2023,8,-1.4,0
3/1/2023,8,-1.4,0
4/1/2023,8,-1.4,0
5/1/2023,8,-3.7,-2.3
6/1/2023,8,-3.6,0.1
7/1/2023,8,-3.7,-0.1
8/1/2023,8,-3.7,0
9/1/2023,8,-3.7,0
10/1/2023,8,-3.7,0
11/1/2023,8,-3.7,0
12/1/2023,8,-3.7,-0.1
1/1/2024,8,-2.4,0
2/1/2024,8,-2.4,0
3/1/2024,8,-2.4,0
4/1/2024,8,-2.5,-0.1
5/1/2024,8,0.4,0.6
6/1/2024,8,0.3,0
7/1/2024,8,0.5,0.1
8/1/2024,8,0.5,0
9/1/2024,8,0.4,-0.1
10/1/2024,8,-1.7,-2.1
11/1/2024,8,-3.9,-2.3
12/1/2024,8,-5.4,-1.7
1/1/2025,8,-5.3,0.1
2/1/2025,8,-5.3,0
3/1/2025,8,-5.4,-0.1
4/1/2025,8,-4.5,0.9
5/1/2025,8,-5.2,-0.1
6/1/2025,8,-5.4,-0.2
7/1/2025,8,-6.4,-0.9
8/1/2025,8,-5.6,0.8
9/1/2025,8,-4.5,1.1
10/1/2025,8,-2.4,0
11/1/2025,8,-1.3,-1.2
12/1/2025,8,0.9,0.6
1/1/2026,8,0.7,-0.1
2/1/2026,8,0.5,-0.2
3/1/2026,8,1.4,0.8
2/1/2000,9,,0.1
3/1/2000,9,,0.2
4/1/2000,9,,0
5/1/2000,9,,-0.1
6/1/2000,9,,0
7/1/2000,9,,0.1
8/1/2000,9,,-0.1
9/1/2000,9,,0.2
10/1/2000,9,,-0.1
11/1/2000,9,,0.1
12/1/2000,9,,-0.1
1/1/2001,9,0.7,0.3
2/1/2001,9,0.4,-0.1
3/1/2001,9,0.2,0
4/1/2001,9,0.1,-0.1
5/1/2001,9,0.1,-0.1
6/1/2001,9,0.1,0
7/1/2001,9,-0.1,-0.1
8/1/2001,9,-0.3,-0.3
9/1/2001,9,-0.5,0
10/1/2001,9,-0.5,-0.1
11/1/2001,9,-0.6,0
12/1/2001,9,-0.5,0
1/1/2002,9,-0.4,0.4
2/1/2002,9,0,0.3
3/1/2002,9,-0.1,-0.1
4/1/2002,9,0,0
5/1/2002,9,0,-0.1
6/1/2002,9,0,0
7/1/2002,9,0.4,0.3
8/1/2002,9,0.7,-0.1
9/1/2002,9,0.7,0
10/1/2002,9,0.7,-0.1
11/1/2002,9,0.4,-0.2
12/1/2002,9,0.4,0
1/1/2003,9,0.5,0.5
2/1/2003,9,0.6,0.4
3/1/2003,9,0.5,-0.2
4/1/2003,9,0.5,0
5/1/2003,9,0.6,0
6/1/2003,9,0.9,0.2
7/1/2003,9,0.5,0
8/1/2003,9,0.5,-0.1
9/1/2003,9,0.5,0
10/1/2003,9,0.5,-0.1
11/1/2003,9,0.8,0
12/1/2003,9,0.6,-0.1
1/1/2004,9,0.3,0.2
2/1/2004,9,-0.1,0
3/1/2004,9,-0.1,-0.2
4/1/2004,9,0,0.1
5/1/2004,9,0,0
6/1/2004,9,-0.3,-0.1
7/1/2004,9,-0.3,0
8/1/2004,9,-0.3,-0.1
9/1/2004,9,-0.3,0
10/1/2004,9,-0.4,-0.2
11/1/2004,9,-0.4,0
12/1/2004,9,-0.3,0
1/1/2005,9,0.3,0.9
2/1/2005,9,0.2,-0.1
3/1/2005,9,0.5,0.1
4/1/2005,9,0.3,-0.1
5/1/2005,9,0.3,0
6/1/2005,9,0.4,0
7/1/2005,9,0.3,-0.1
8/1/2005,9,0.4,0
9/1/2005,9,0.9,0.4
10/1/2005,9,0.9,-0.2
11/1/2005,9,0.9,0
12/1/2005,9,1.2,0.3
1/1/2006,9,0.3,0
2/1/2006,9,0.9,0.4
3/1/2006,9,0.6,-0.1
4/1/2006,9,0.7,0
5/1/2006,9,0.7,0
6/1/2006,9,0.7,0
7/1/2006,9,1.1,0.2
8/1/2006,9,1,-0.1
9/1/2006,9,0.5,0
10/1/2006,9,0.7,0
11/1/2006,9,0.7,0
12/1/2006,9,0.3,-0.1
1/1/2007,9,0.4,0.1
2/1/2007,9,0.1,0.1
3/1/2007,9,0,-0.2
4/1/2007,9,0,0
5/1/2007,9,0,0
6/1/2007,9,2.1,2.1
7/1/2007,9,2.1,0.2
8/1/2007,9,2.3,0.1
9/1/2007,9,2.3,0
10/1/2007,9,2.2,-0.1
11/1/2007,9,2.4,0.2
12/1/2007,9,2.6,0
1/1/2008,9,2.5,0.1
2/1/2008,9,2.5,0.1
3/1/2008,9,2.7,-0.1
4/1/2008,9,2.8,0.1
5/1/2008,9,2.8,0
6/1/2008,9,0.7,0.1
7/1/2008,9,0.8,0.3
8/1/2008,9,0.8,0.1
9/1/2008,9,1,0.2
10/1/2008,9,1.3,0.2
11/1/2008,9,1.2,0.1
12/1/2008,9,1.2,0
1/1/2009,9,1,-0.1
2/1/2009,9,1,0.1
3/1/2009,9,1,-0.1
4/1/2009,9,0.9,0
5/1/2009,9,1,0.1
6/1/2009,9,1,0.1
7/1/2009,9,0.7,0
8/1/2009,9,2.6,1.9
9/1/2009,9,2.5,0.1
10/1/2009,9,2.4,0.1
11/1/2009,9,2.5,0.2
12/1/2009,9,2.5,0
1/1/2010,9,2.7,0.1
2/1/2010,9,2.6,0
3/1/2010,9,2.7,0
4/1/2010,9,2.6,-0.1
5/1/2010,9,2.4,-0.1
6/1/2010,9,2.2,0
7/1/2010,9,2.4,0.1
8/1/2010,9,0.2,-0.2
9/1/2010,9,0.1,0
10/1/2010,9,-0.1,-0.1
11/1/2010,9,-0.4,-0.1
12/1/2010,9,-0.4,0
1/1/2011,9,-0.5,0
2/1/2011,9,0.3,0.8
3/1/2011,9,0.2,-0.1
4/1/2011,9,1.8,1.5
5/1/2011,9,1.9,0
6/1/2011,9,1.9,0
7/1/2011,9,2.2,0.4
8/1/2011,9,3,0.6
9/1/2011,9,3,0
10/1/2011,9,3.2,0.1
11/1/2011,9,3.4,0.1
12/1/2011,9,3.4,0
1/1/2012,9,3.5,0.1
2/1/2012,9,2.9,0.2
3/1/2012,9,2.8,-0.2
4/1/2012,9,1.3,0
5/1/2012,9,1.3,0
6/1/2012,9,1.3,0
7/1/2012,9,1,0.1
8/1/2012,9,0.3,-0.1
9/1/2012,9,0.2,-0.1
10/1/2012,9,0.1,0
11/1/2012,9,-0.1,-0.1
12/1/2012,9,-0.1,0
1/1/2013,9,-0.1,0.1
2/1/2013,9,-0.2,0.1
3/1/2013,9,0,0
4/1/2013,9,-0.1,-0.1
5/1/2013,9,-0.2,-0.1
6/1/2013,9,-0.2,0
7/1/2013,9,-0.3,0
8/1/2013,9,-0.1,0.1
9/1/2013,9,-0.1,-0.1
10/1/2013,9,-0.1,0
11/1/2013,9,0.6,0.6
12/1/2013,9,1.8,1.3
1/1/2014,9,1.6,-0.1
2/1/2014,9,1.6,0.1
3/1/2014,9,1.6,0
4/1/2014,9,1.7,0
5/1/2014,9,1.9,0.1
6/1/2014,9,1.9,0
7/1/2014,9,1.9,0
8/1/2014,9,1.8,0
9/1/2014,9,1.9,0
10/1/2014,9,1.8,-0.1
11/1/2014,9,1.3,0
12/1/2014,9,0,0
1/1/2015,9,0.5,0.4
2/1/2015,9,0.8,0.4
3/1/2015,9,0.6,-0.2
4/1/2015,9,1.5,0.9
5/1/2015,9,1.6,0.2
6/1/2015,9,1.7,0.1
7/1/2015,9,1.9,0.2
8/1/2015,9,2.1,0.2
9/1/2015,9,2.3,0.2
10/1/2015,9,2.4,0
11/1/2015,9,2.6,0.2
12/1/2015,9,2.6,0
1/1/2016,9,2.3,0.1
2/1/2016,9,2.4,0.5
3/1/2016,9,2.6,0
4/1/2016,9,1.6,0
5/1/2016,9,1.5,0.1
6/1/2016,9,1.4,0
7/1/2016,9,1.7,0.5
8/1/2016,9,3.6,2.1
9/1/2016,9,3.4,0
10/1/2016,9,3.5,0.1
11/1/2016,9,3.2,-0.2
12/1/2016,9,3.3,0.1
1/1/2017,9,3.2,0.1
2/1/2017,9,3.1,0.4
3/1/2017,9,3,-0.2
4/1/2017,9,3,0
5/1/2017,9,2.9,0
6/1/2017,9,3,0.1
7/1/2017,9,2.6,0.1
8/1/2017,9,0.4,-0.1
9/1/2017,9,0.4,0
10/1/2017,9,0.4,0.1
11/1/2017,9,0.6,0.1
12/1/2017,9,0.5,0
1/1/2018,9,0.5,0.1
2/1/2018,9,0.4,0.2
3/1/2018,9,0.5,0
4/1/2018,9,0.6,0.1
5/1/2018,9,0.5,-0.1
6/1/2018,9,-2.5,-2.9
7/1/2018,9,-2.4,0.2
8/1/2018,9,-2.2,0.1
9/1/2018,9,-0.2,2.1
10/1/2018,9,-0.2,0.1
11/1/2018,9,-0.3,0
12/1/2018,9,-0.2,0.1
1/1/2019,9,-0.4,-0.1
2/1/2019,9,-0.4,0.2
3/1/2019,9,-0.4,-0.1
4/1/2019,9,-0.4,0.1
5/1/2019,9,-0.4,-0.1
6/1/2019,9,2.7,0.1
7/1/2019,9,2.4,-0.1
8/1/2019,9,2.3,0
9/1/2019,9,0.8,0.6
10/1/2019,9,0.7,0
11/1/2019,9,0.8,0.1
12/1/2019,9,0.6,-0.1
1/1/2020,9,0.9,0.2
2/1/2020,9,0.7,0
3/1/2020,9,0.7,-0.1
4/1/2020,9,0.6,0
5/1/2020,9,0.7,0
6/1/2020,9,0.6,0
7/1/2020,9,0.7,0
8/1/2020,9,0.6,-0.1
9/1/2020,9,0.1,0.1
10/1/2020,9,0.2,0.1
11/1/2020,9,0.1,0
12/1/2020,9,0.2,0
1/1/2021,9,0.1,0.1
2/1/2021,9,0.1,0
3/1/2021,9,0.5,0.4
4/1/2021,9,0.7,0.2
5/1/2021,9,0.6,-0.1
6/1/2021,9,0.6,0
7/1/2021,9,0.6,0
8/1/2021,9,0.7,0
9/1/2021,9,0.6,0
10/1/2021,9,0.2,-0.4
11/1/2021,9,0.2,0
12/1/2021,9,0.4,0.3
1/1/2022,9,1.2,0.8
2/1/2022,9,1.6,0.4
3/1/2022,9,1.1,-0.2
4/1/2022,9,1.3,0.4
5/1/2022,9,1.8,0.3
6/1/2022,9,2.2,0.4
7/1/2022,9,2.5,0.3
8/1/2022,9,2.7,0.3
9/1/2022,9,3.1,0.3
10/1/2022,9,3.4,-0.1
11/1/2022,9,3.6,0.2
12/1/2022,9,2.4,-0.9
1/1/2023,9,2.7,1.1
2/1/2023,9,1.7,-0.5
3/1/2023,9,1.9,0
4/1/2023,9,1.8,0.3
5/1/2023,9,1.8,0.3
6/1/2023,9,1.6,0.3
7/1/2023,9,1.1,-0.3
8/1/2023,9,1,0.2
9/1/2023,9,0.6,-0.1
10/1/2023,9,0.7,0
11/1/2023,9,0.6,0.1
12/1/2023,9,1.9,0.4
1/1/2024,9,0.8,0
2/1/2024,9,1.6,0.3
3/1/2024,9,1.5,-0.2
4/1/2024,9,2,0.8
5/1/2024,9,1.9,0.3
6/1/2024,9,1.9,0.3
7/1/2024,9,2.2,0.1
8/1/2024,9,2,0
9/1/2024,9,2.1,0
10/1/2024,9,2,-0.1
11/1/2024,9,2,0.1
12/1/2024,9,1.7,0.1
1/1/2025,9,1.8,0.1
2/1/2025,9,1.5,0.1
3/1/2025,9,1.7,0
4/1/2025,9,1.3,0.4
5/1/2025,9,0.9,-0.1
6/1/2025,9,0.8,0.1
7/1/2025,9,0.8,0.1
8/1/2025,9,0.9,0.2
9/1/2025,9,0.9,0
10/1/2025,9,1.2,0.2
11/1/2025,9,1.2,0.1
12/1/2025,9,0.8,-0.2
1/1/2026,9,0.9,0.2
2/1/2026,9,0.8,0
3/1/2026,9,1,0.2
2/1/2000,10,,
3/1/2000,10,,
4/1/2000,10,,
5/1/2000,10,,
6/1/2000,10,,
7/1/2000,10,,
8/1/2000,10,,
9/1/2000,10,,
10/1/2000,10,,
11/1/2000,10,,
12/1/2000,10,,
1/1/2001,10,,
2/1/2001,10,,
3/1/2001,10,,
4/1/2001,10,,
5/1/2001,10,,
6/1/2001,10,,
7/1/2001,10,,
8/1/2001,10,,
9/1/2001,10,,
10/1/2001,10,,
11/1/2001,10,,
12/1/2001,10,,
1/1/2002,10,,
2/1/2002,10,,
3/1/2002,10,,
4/1/2002,10,,
5/1/2002,10,,
6/1/2002,10,,
7/1/2002,10,,
8/1/2002,10,,
9/1/2002,10,,
10/1/2002,10,,
11/1/2002,10,,
12/1/2002,10,,
1/1/2003,10,,
2/1/2003,10,,
3/1/2003,10,,
4/1/2003,10,,
5/1/2003,10,,
6/1/2003,10,,
7/1/2003,10,,
8/1/2003,10,,
9/1/2003,10,,
10/1/2003,10,,
11/1/2003,10,,
12/1/2003,10,,
1/1/2004,10,,
2/1/2004,10,,
3/1/2004,10,,
4/1/2004,10,,
5/1/2004,10,,
6/1/2004,10,,
7/1/2004,10,,
8/1/2004,10,,
9/1/2004,10,,
10/1/2004,10,,
11/1/2004,10,,
12/1/2004,10,,
1/1/2005,10,,
2/1/2005,10,,0.1
3/1/2005,10,,0
4/1/2005,10,,0.1
5/1/2005,10,,0
6/1/2005,10,,0.1
7/1/2005,10,,0.1
8/1/2005,10,,0.1
9/1/2005,10,,-0.1
10/1/2005,10,,0
11/1/2005,10,,0
12/1/2005,10,,0.1
1/1/2006,10,1.1,0.5
2/1/2006,10,1.3,0.3
3/1/2006,10,1.4,0.1
4/1/2006,10,1.4,0.1
5/1/2006,10,1.4,0
6/1/2006,10,1.5,0.2
7/1/2006,10,1.5,0.1
8/1/2006,10,1.6,0.2
9/1/2006,10,1.9,0.1
10/1/2006,10,1.9,0
11/1/2006,10,2,0.1
12/1/2006,10,2.3,0.4
1/1/2007,10,2.3,0.5
2/1/2007,10,2.1,0.1
3/1/2007,10,2.1,0.1
4/1/2007,10,2,0
5/1/2007,10,2,0
6/1/2007,10,1.8,0.1
7/1/2007,10,1.7,0
8/1/2007,10,1.6,0.1
9/1/2007,10,1.5,0
10/1/2007,10,1.5,0
11/1/2007,10,1.4,0
12/1/2007,10,1.1,0.1
1/1/2008,10,1.5,1
2/1/2008,10,2.1,0.7
3/1/2008,10,2.1,0.1
4/1/2008,10,2.2,0.1
5/1/2008,10,2.2,0
6/1/2008,10,2.3,0.2
7/1/2008,10,2.3,0
8/1/2008,10,2.4,0.2
9/1/2008,10,2.7,0.2
10/1/2008,10,2.8,0.1
11/1/2008,10,2.8,0
12/1/2008,10,2.8,0.1
1/1/2009,10,2.9,1.1
2/1/2009,10,2.4,0.2
3/1/2009,10,2.4,0.1
4/1/2009,10,2.4,0.1
5/1/2009,10,2.4,0
6/1/2009,10,2.2,0
7/1/2009,10,2.4,0.2
8/1/2009,10,2.4,0.2
9/1/2009,10,2.2,0
10/1/2009,10,2.1,0
11/1/2009,10,2.1,0
12/1/2009,10,2.1,0.1
1/1/2010,10,1.7,0.8
2/1/2010,10,1.6,0.1
3/1/2010,10,1.7,0.2
4/1/2010,10,1.7,0.1
5/1/2010,10,1.7,0
6/1/2010,10,1.7,0
7/1/2010,10,1.7,0.2
8/1/2010,10,1.6,0.1
9/1/2010,10,1.6,0
10/1/2010,10,1.6,0
11/1/2010,10,1.7,0.1
12/1/2010,10,1.7,0.1
1/1/2011,10,1.5,0.6
2/1/2011,10,2,0.6
3/1/2011,10,2.1,0.3
4/1/2011,10,2.2,0.2
5/1/2011,10,2.2,0
6/1/2011,10,2.3,0.1
7/1/2011,10,2.2,0.1
8/1/2011,10,2.2,0.1
9/1/2011,10,2.2,0
10/1/2011,10,2.3,0.1
11/1/2011,10,2.8,0.6
12/1/2011,10,2.8,0.1
1/1/2012,10,3.1,0.9
2/1/2012,10,2.9,0.4
3/1/2012,10,2.6,0.1
4/1/2012,10,2.6,0.2
5/1/2012,10,2.6,0
6/1/2012,10,2.4,-0.1
7/1/2012,10,2.3,0
8/1/2012,10,2.2,0
9/1/2012,10,2.3,0.1
10/1/2012,10,2.2,0
11/1/2012,10,1.6,0
12/1/2012,10,1.6,0.1
1/1/2013,10,1.8,1
2/1/2013,10,2.2,0.8
3/1/2013,10,2.2,0.1
4/1/2013,10,2.1,0.1
5/1/2013,10,2.3,0.2
6/1/2013,10,2.5,0.1
7/1/2013,10,2.6,0.1
8/1/2013,10,2.6,0
9/1/2013,10,2.6,0.1
10/1/2013,10,2.6,0
11/1/2013,10,2.9,0.3
12/1/2013,10,2.9,0.1
1/1/2014,10,2.6,0.8
2/1/2014,10,2.3,0.5
3/1/2014,10,2.3,0.1
4/1/2014,10,2.3,0.1
5/1/2014,10,2.2,0.1
6/1/2014,10,2.2,0.1
7/1/2014,10,2.3,0.2
8/1/2014,10,2.5,0.2
9/1/2014,10,2.4,0
10/1/2014,10,2.4,0
11/1/2014,10,2.2,0.1
12/1/2014,10,2.2,0.1
1/1/2015,10,2.1,0.7
2/1/2015,10,2.2,0.5
3/1/2015,10,2.2,0.1
4/1/2015,10,2.6,0.5
5/1/2015,10,2.5,-0.1
6/1/2015,10,2.6,0.2
7/1/2015,10,2.4,0
8/1/2015,10,2.5,0.3
9/1/2015,10,2.5,0
10/1/2015,10,2.5,0
11/1/2015,10,2.5,0.1
12/1/2015,10,2.6,0.3
1/1/2016,10,2.6,0.7
2/1/2016,10,2.5,0.4
3/1/2016,10,2.6,0.2
4/1/2016,10,2.1,0.1
5/1/2016,10,2.2,0
6/1/2016,10,2.1,0.1
7/1/2016,10,2.2,0.1
8/1/2016,10,2,0
9/1/2016,10,2,0
10/1/2016,10,2,0
11/1/2016,10,1.9,0.1
12/1/2016,10,1.7,0
1/1/2017,10,2,1
2/1/2017,10,1.7,0.1
3/1/2017,10,1.7,0.2
4/1/2017,10,1.7,0.1
5/1/2017,10,1.7,0
6/1/2017,10,1.7,0.1
7/1/2017,10,1.6,0
8/1/2017,10,1.6,0
9/1/2017,10,1.6,0
10/1/2017,10,1.6,0
11/1/2017,10,1.5,0
12/1/2017,10,1.7,0.2
1/1/2018,10,1.2,0.6
2/1/2018,10,1.2,0.1
3/1/2018,10,1.1,0.1
4/1/2018,10,1.1,0.1
5/1/2018,10,1.2,0.1
6/1/2018,10,0.9,-0.2
7/1/2018,10,1,0.1
8/1/2018,10,1.1,0.1
9/1/2018,10,1.1,0
10/1/2018,10,1.1,0
11/1/2018,10,1.4,0.3
12/1/2018,10,1.1,-0.1
1/1/2019,10,0.9,0.4
2/1/2019,10,1.3,0.4
3/1/2019,10,1.3,0.1
4/1/2019,10,1.2,0
5/1/2019,10,1.2,0.1
6/1/2019,10,1.4,0
7/1/2019,10,1.4,0.1
8/1/2019,10,1.4,0.1
9/1/2019,10,1.8,0.4
10/1/2019,10,1.9,0.1
11/1/2019,10,1.6,0
12/1/2019,10,1.7,0
1/1/2020,10,1.7,0.4
2/1/2020,10,1.3,0.1
3/1/2020,10,1.3,0
4/1/2020,10,1.2,-0.1
5/1/2020,10,1,-0.1
6/1/2020,10,0.8,-0.2
7/1/2020,10,1.2,0.4
8/1/2020,10,1.1,0
9/1/2020,10,0.7,0.1
10/1/2020,10,0.7,0
11/1/2020,10,0.6,-0.1
12/1/2020,10,0.6,0
1/1/2021,10,0.2,0
2/1/2021,10,0.1,0
3/1/2021,10,0,-0.1
4/1/2021,10,0.2,0.2
5/1/2021,10,0.3,0
6/1/2021,10,0.5,0
7/1/2021,10,0.1,0
8/1/2021,10,0,-0.1
9/1/2021,10,-0.1,0
10/1/2021,10,-0.1,0
11/1/2021,10,0.1,0.1
12/1/2021,10,0.2,0.1
1/1/2022,10,0.7,0.5
2/1/2022,10,0.7,0.1
3/1/2022,10,0.9,0.1
4/1/2022,10,1,0.2
5/1/2022,10,1,0
6/1/2022,10,1.1,0.1
7/1/2022,10,1.2,0.1
8/1/2022,10,1.2,0
9/1/2022,10,1.3,0.1
10/1/2022,10,1.4,0.1
11/1/2022,10,1.5,0.2
12/1/2022,10,1.4,0
1/1/2023,10,1.3,0.4
2/1/2023,10,1.6,0.4
3/1/2023,10,1.7,0.2
4/1/2023,10,1.6,0.2
5/1/2023,10,1.9,0.2
6/1/2023,10,1.9,0.1
7/1/2023,10,2,0.2
8/1/2023,10,2.1,0.2
9/1/2023,10,2,0
10/1/2023,10,2.1,0.2
11/1/2023,10,2,0
12/1/2023,10,2,0
1/1/2024,10,1.7,0.2
2/1/2024,10,1.5,0.2
3/1/2024,10,1.5,0.2
4/1/2024,10,1.4,0.2
5/1/2024,10,1.5,0.3
6/1/2024,10,1.7,0.2
7/1/2024,10,1.7,0.2
8/1/2024,10,1.5,0
9/1/2024,10,1.5,0
10/1/2024,10,1.5,0.2
11/1/2024,10,1.5,0
12/1/2024,10,1.5,0
1/1/2025,10,1.6,0.2
2/1/2025,10,1.9,0.5
3/1/2025,10,2.2,0.5
4/1/2025,10,2.3,0.2
5/1/2025,10,2.2,0.2
6/1/2025,10,2.2,0.2
7/1/2025,10,2.2,0.2
8/1/2025,10,2.4,0.2
9/1/2025,10,2.4,0
10/1/2025,10,2.4,0.2
11/1/2025,10,2.6,0.2
12/1/2025,10,2.8,0.2
1/1/2026,10,3.2,0.7
2/1/2026,10,2.8,0.1
3/1/2026,10,2.5,0.2
2/1/2000,11,,
3/1/2000,11,,
4/1/2000,11,,
5/1/2000,11,,
6/1/2000,11,,
7/1/2000,11,,
8/1/2000,11,,
9/1/2000,11,,
10/1/2000,11,,
11/1/2000,11,,
12/1/2000,11,,
1/1/2001,11,,
2/1/2001,11,,
3/1/2001,11,,
4/1/2001,11,,
5/1/2001,11,,
6/1/2001,11,,
7/1/2001,11,,
8/1/2001,11,,
9/1/2001,11,,
10/1/2001,11,,
11/1/2001,11,,
12/1/2001,11,,
1/1/2002,11,,
2/1/2002,11,,
3/1/2002,11,,
4/1/2002,11,,
5/1/2002,11,,
6/1/2002,11,,
7/1/2002,11,,
8/1/2002,11,,
9/1/2002,11,,
10/1/2002,11,,
11/1/2002,11,,
12/1/2002,11,,
1/1/2003,11,,
2/1/2003,11,,
3/1/2003,11,,
4/1/2003,11,,
5/1/2003,11,,
6/1/2003,11,,
7/1/2003,11,,
8/1/2003,11,,
9/1/2003,11,,
10/1/2003,11,,
11/1/2003,11,,
12/1/2003,11,,
1/1/2004,11,,
2/1/2004,11,,
3/1/2004,11,,
4/1/2004,11,,
5/1/2004,11,,
6/1/2004,11,,
7/1/2004,11,,
8/1/2004,11,,
9/1/2004,11,,
10/1/2004,11,,
11/1/2004,11,,
12/1/2004,11,,
1/1/2005,11,,
2/1/2005,11,,0.1
3/1/2005,11,,0.2
4/1/2005,11,,0.2
5/1/2005,11,,0.6
6/1/2005,11,,0.4
7/1/2005,11,,0.5
8/1/2005,11,,0.6
9/1/2005,11,,0.2
10/1/2005,11,,0.5
11/1/2005,11,,0.1
12/1/2005,11,,0.1
1/1/2006,11,4.2,0.5
2/1/2006,11,4.3,0.2
3/1/2006,11,4.4,0.4
4/1/2006,11,4.5,0.4
5/1/2006,11,4.1,0.2
6/1/2006,11,4.1,0.3
7/1/2006,11,3.7,0.1
8/1/2006,11,3.3,0.2
9/1/2006,11,3.2,0.1
10/1/2006,11,2.7,0
11/1/2006,11,2.7,0.1
12/1/2006,11,2.8,0.2
1/1/2007,11,2.7,0.3
2/1/2007,11,2.4,-0.1
3/1/2007,11,2.5,0.5
4/1/2007,11,2.3,0.2
5/1/2007,11,2.6,0.5
6/1/2007,11,3.2,1
7/1/2007,11,3.9,0.8
8/1/2007,11,4.2,0.4
9/1/2007,11,4.5,0.4
10/1/2007,11,4.6,0.1
11/1/2007,11,5.7,1.1
12/1/2007,11,6,0.5
1/1/2008,11,6.7,1
2/1/2008,11,7.3,0.5
3/1/2008,11,7.1,0.2
4/1/2008,11,7.3,0.4
5/1/2008,11,7,0.2
6/1/2008,11,6.7,0.7
7/1/2008,11,6.6,0.6
8/1/2008,11,6.5,0.4
9/1/2008,11,6.3,0.2
10/1/2008,11,6.5,0.3
11/1/2008,11,5.6,0.2
12/1/2008,11,5.3,0.3
1/1/2009,11,4.6,0.3
2/1/2009,11,4.3,0.2
3/1/2009,11,4.2,0.1
4/1/2009,11,3.8,0.1
5/1/2009,11,3.7,0.1
6/1/2009,11,3.2,0.2
7/1/2009,11,2.5,0
8/1/2009,11,2.1,0
9/1/2009,11,1.9,0
10/1/2009,11,1.8,0.2
11/1/2009,11,1.8,0.2
12/1/2009,11,1.5,0.1
1/1/2010,11,1.4,0.2
2/1/2010,11,1.4,0.2
3/1/2010,11,1.7,0.4
4/1/2010,11,1.8,0.2
5/1/2010,11,1.8,0.1
6/1/2010,11,1.8,0.2
7/1/2010,11,1.9,0.1
8/1/2010,11,2.2,0.3
9/1/2010,11,2.6,0.3
10/1/2010,11,2.7,0.4
11/1/2010,11,2.7,0.2
12/1/2010,11,3.1,0.5
1/1/2011,11,4.6,1.6
2/1/2011,11,5.4,1
3/1/2011,11,5.4,0.5
4/1/2011,11,5.6,0.4
5/1/2011,11,6,0.5
6/1/2011,11,6.1,0.3
7/1/2011,11,6.5,0.5
8/1/2011,11,6.3,0.1
9/1/2011,11,6.3,0.3
10/1/2011,11,6.1,0.3
11/1/2011,11,6.2,0.3
12/1/2011,11,5.8,0.1
1/1/2012,11,4.5,0.3
2/1/2012,11,3.7,0.3
3/1/2012,11,3.5,0.3
4/1/2012,11,3.3,0.2
5/1/2012,11,3,0.2
6/1/2012,11,2.9,0.2
7/1/2012,11,2.6,0.2
8/1/2012,11,2.5,0
9/1/2012,11,2.5,0.3
10/1/2012,11,2.4,0.2
11/1/2012,11,2.3,0.2
12/1/2012,11,2.2,0
1/1/2013,11,2.1,0.2
2/1/2013,11,2.2,0.4
3/1/2013,11,2.3,0.4
4/1/2013,11,2.3,0.2
5/1/2013,11,2.3,0.2
6/1/2013,11,2.2,0.1
7/1/2013,11,2.1,0.1
8/1/2013,11,2.4,0.3
9/1/2013,11,2.5,0.4
10/1/2013,11,2.6,0.3
11/1/2013,11,3,0.6
12/1/2013,11,3.3,0.3
1/1/2014,11,4.2,1.1
2/1/2014,11,4.4,0.6
3/1/2014,11,4.5,0.4
4/1/2014,11,4.8,0.4
5/1/2014,11,4.9,0.3
6/1/2014,11,4.9,0.2
7/1/2014,11,5,0.2
8/1/2014,11,5.1,0.3
9/1/2014,11,4.8,0.1
10/1/2014,11,4.6,0.1
11/1/2014,11,4.3,0.3
12/1/2014,11,4.1,0.1
1/1/2015,11,3.4,0.3
2/1/2015,11,2.9,0.2
3/1/2015,11,2.8,0.3
4/1/2015,11,4.3,1.8
5/1/2015,11,4.5,0.4
6/1/2015,11,4.5,0.2
7/1/2015,11,4.6,0.2
8/1/2015,11,4.5,0.2
9/1/2015,11,4.6,0.2
10/1/2015,11,4.7,0.2
11/1/2015,11,4.6,0.2
12/1/2015,11,4.7,0.2
1/1/2016,11,4.5,0.1
2/1/2016,11,4.7,0.4
3/1/2016,11,4.5,0.2
4/1/2016,11,2.7,0.1
5/1/2016,11,2.5,0.2
6/1/2016,11,2.2,-0.1
7/1/2016,11,2.1,0.2
8/1/2016,11,2.1,0.2
9/1/2016,11,2.2,0.2
10/1/2016,11,2,0
11/1/2016,11,1.9,0.1
12/1/2016,11,1.9,0.2
1/1/2017,11,2.1,0.3
2/1/2017,11,2.3,0.6
3/1/2017,11,2.3,0.2
4/1/2017,11,2.4,0.2
5/1/2017,11,2.3,0.2
6/1/2017,11,2.5,0.1
7/1/2017,11,2.6,0.2
8/1/2017,11,2.8,0.5
9/1/2017,11,2.6,0.1
10/1/2017,11,2.7,0.1
11/1/2017,11,2.8,0.2
12/1/2017,11,2.6,0.1
1/1/2018,11,2.4,0.1
2/1/2018,11,1.8,0.1
3/1/2018,11,2,0.3
4/1/2018,11,2.2,0.4
5/1/2018,11,2.1,0.1
6/1/2018,11,1.2,-0.8
7/1/2018,11,1,0
8/1/2018,11,0.7,0.2
9/1/2018,11,1.1,0.5
10/1/2018,11,1.2,0.2
11/1/2018,11,1.2,0.2
12/1/2018,11,1.3,0.2
1/1/2019,11,1.2,0
2/1/2019,11,1.3,0.2
3/1/2019,11,1,0
4/1/2019,11,0.8,0.2
5/1/2019,11,0.6,-0.2
6/1/2019,11,1.6,0.2
7/1/2019,11,1.7,0.1
8/1/2019,11,1.7,0.2
9/1/2019,11,1.4,0.2
10/1/2019,11,1.2,0
11/1/2019,11,1.1,0.1
12/1/2019,11,1.1,0.2
1/1/2020,11,1.1,0.1
2/1/2020,11,1.1,0.2
3/1/2020,11,0.9,-0.2
4/1/2020,11,0.7,0
5/1/2020,11,0.9,0.1
6/1/2020,11,0.3,-0.4
7/1/2020,11,0.2,-0.1
8/1/2020,11,0.1,0.1
9/1/2020,11,0.1,0.2
10/1/2020,11,0.1,0
11/1/2020,11,0,0
12/1/2020,11,-0.2,0
1/1/2021,11,-0.1,0.2
2/1/2021,11,-0.3,-0.1
3/1/2021,11,0,0.1
4/1/2021,11,0.2,0.2
5/1/2021,11,0.2,0.1
6/1/2021,11,0.5,0
7/1/2021,11,0.7,0.1
8/1/2021,11,0.6,0
9/1/2021,11,0.3,-0.2
10/1/2021,11,0.6,0.3
11/1/2021,11,0.9,0.3
12/1/2021,11,1.3,0.4
1/1/2022,11,2.1,1
2/1/2022,11,2.6,0.4
3/1/2022,11,2.9,0.4
4/1/2022,11,3.2,0.4
5/1/2022,11,3.7,0.6
6/1/2022,11,5,1.3
7/1/2022,11,5.8,0.8
8/1/2022,11,6.4,0.6
9/1/2022,11,6.9,0.3
10/1/2022,11,6.8,0.3
11/1/2022,11,7,0.5
12/1/2022,11,7.4,0.7
1/1/2023,11,6.8,0.4
2/1/2023,11,7.4,0.9
3/1/2023,11,7.2,0.3
4/1/2023,11,6.6,-0.1
5/1/2023,11,6.7,0.6
6/1/2023,11,5.4,0.1
7/1/2023,11,5,0.3
8/1/2023,11,4.7,0.3
9/1/2023,11,4.4,0.1
10/1/2023,11,4.6,0.5
11/1/2023,11,4.3,0.1
12/1/2023,11,3.7,0.1
1/1/2024,11,3.2,-0.1
2/1/2024,11,2.9,0.6
3/1/2024,11,3,0.4
4/1/2024,11,3.5,0.3
5/1/2024,11,3.2,0.3
6/1/2024,11,3.3,0.3
7/1/2024,11,3.4,0.4
8/1/2024,11,3.2,0.1
9/1/2024,11,3.2,0.1
10/1/2024,11,2.8,0.1
11/1/2024,11,2.8,0.1
12/1/2024,11,2.9,0.3
1/1/2025,11,3.5,0.5
2/1/2025,11,3.5,0.6
3/1/2025,11,2.9,-0.1
4/1/2025,11,2.9,0.3
5/1/2025,11,3,0.4
6/1/2025,11,2.8,0.1
7/1/2025,11,3.1,0.8
8/1/2025,11,3.5,0.4
9/1/2025,11,3.3,-0.1
10/1/2025,11,3.4,0.2
11/1/2025,11,3.4,0.1
12/1/2025,11,3.1,0
1/1/2026,11,3,0.3
2/1/2026,11,2.5,0.1
3/1/2026,11,2.6,-0.1
2/1/2000,12,,
3/1/2000,12,,
4/1/2000,12,,
5/1/2000,12,,
6/1/2000,12,,
7/1/2000,12,,
8/1/2000,12,,
9/1/2000,12,,
10/1/2000,12,,
11/1/2000,12,,
12/1/2000,12,,
1/1/2001,12,,
2/1/2001,12,,
3/1/2001,12,,
4/1/2001,12,,
5/1/2001,12,,
6/1/2001,12,,
7/1/2001,12,,
8/1/2001,12,,
9/1/2001,12,,
10/1/2001,12,,
11/1/2001,12,,
12/1/2001,12,,
1/1/2002,12,,
2/1/2002,12,,
3/1/2002,12,,
4/1/2002,12,,
5/1/2002,12,,
6/1/2002,12,,
7/1/2002,12,,
8/1/2002,12,,
9/1/2002,12,,
10/1/2002,12,,
11/1/2002,12,,
12/1/2002,12,,
1/1/2003,12,,
2/1/2003,12,,
3/1/2003,12,,
4/1/2003,12,,
5/1/2003,12,,
6/1/2003,12,,
7/1/2003,12,,
8/1/2003,12,,
9/1/2003,12,,
10/1/2003,12,,
11/1/2003,12,,
12/1/2003,12,,
1/1/2004,12,,
2/1/2004,12,,
3/1/2004,12,,
4/1/2004,12,,
5/1/2004,12,,
6/1/2004,12,,
7/1/2004,12,,
8/1/2004,12,,
9/1/2004,12,,
10/1/2004,12,,
11/1/2004,12,,
12/1/2004,12,,
1/1/2005,12,,
2/1/2005,12,,
3/1/2005,12,,
4/1/2005,12,,
5/1/2005,12,,
6/1/2005,12,,
7/1/2005,12,,
8/1/2005,12,,
9/1/2005,12,,
10/1/2005,12,,
11/1/2005,12,,
12/1/2005,12,,
1/1/2006,12,,
2/1/2006,12,,
3/1/2006,12,,
4/1/2006,12,,
5/1/2006,12,,
6/1/2006,12,,
7/1/2006,12,,
8/1/2006,12,,
9/1/2006,12,,
10/1/2006,12,,
11/1/2006,12,,
12/1/2006,12,,
1/1/2007,12,,
2/1/2007,12,,
3/1/2007,12,,
4/1/2007,12,,
5/1/2007,12,,
6/1/2007,12,,
7/1/2007,12,,
8/1/2007,12,,
9/1/2007,12,,
10/1/2007,12,,
11/1/2007,12,,
12/1/2007,12,,
1/1/2008,12,,
2/1/2008,12,,
3/1/2008,12,,
4/1/2008,12,,
5/1/2008,12,,
6/1/2008,12,,
7/1/2008,12,,
8/1/2008,12,,
9/1/2008,12,,
10/1/2008,12,,
11/1/2008,12,,
12/1/2008,12,,
1/1/2009,12,,
2/1/2009,12,,
3/1/2009,12,,
4/1/2009,12,,
5/1/2009,12,,
6/1/2009,12,,
7/1/2009,12,,
8/1/2009,12,,
9/1/2009,12,,
10/1/2009,12,,
11/1/2009,12,,
12/1/2009,12,,
1/1/2010,12,,
2/1/2010,12,,0
3/1/2010,12,,0.1
4/1/2010,12,,0
5/1/2010,12,,0
6/1/2010,12,,0
7/1/2010,12,,0
8/1/2010,12,,0
9/1/2010,12,,0
10/1/2010,12,,0
11/1/2010,12,,0
12/1/2010,12,,0
1/1/2011,12,0.2,0.1
2/1/2011,12,0.2,0
3/1/2011,12,0.1,0
4/1/2011,12,0.1,0
5/1/2011,12,0.2,0.1
6/1/2011,12,0.2,0
7/1/2011,12,0.3,0.1
8/1/2011,12,0.2,-0.1
9/1/2011,12,0.2,0
10/1/2011,12,0.2,0
11/1/2011,12,0,-0.2
12/1/2011,12,0,0
1/1/2012,12,0.2,0.3
2/1/2012,12,0.9,0.7
3/1/2012,12,1.2,0.3
4/1/2012,12,1.2,0
5/1/2012,12,1,-0.1
6/1/2012,12,1,0
7/1/2012,12,0.9,0
8/1/2012,12,1.4,0.4
9/1/2012,12,1.5,0.1
10/1/2012,12,1.8,0.3
11/1/2012,12,2,0
12/1/2012,12,2,0
1/1/2013,12,2.1,0.4
2/1/2013,12,1.4,0
3/1/2013,12,1.3,0.2
4/1/2013,12,1.3,0
5/1/2013,12,1.4,0
6/1/2013,12,1.4,0
7/1/2013,12,2.2,0.8
8/1/2013,12,1.8,0
9/1/2013,12,1.7,0
10/1/2013,12,1.5,0.1
11/1/2013,12,1.5,0
12/1/2013,12,1.5,0
1/1/2014,12,1.1,0
2/1/2014,12,1.3,0.2
3/1/2014,12,1.8,0.7
4/1/2014,12,1.9,0.1
5/1/2014,12,1.9,0
6/1/2014,12,1.9,0
7/1/2014,12,1.1,0
8/1/2014,12,1.4,0.3
9/1/2014,12,1.4,0
10/1/2014,12,1.3,0
11/1/2014,12,1.3,0
12/1/2014,12,1.4,0.2
1/1/2015,12,1.4,0
2/1/2015,12,1.4,0.1
3/1/2015,12,1,0.3
4/1/2015,12,4.3,3.4
5/1/2015,12,5.1,0.7
6/1/2015,12,5.3,0.2
7/1/2015,12,5.1,-0.2
8/1/2015,12,4.9,0.1
9/1/2015,12,5.1,0.2
10/1/2015,12,5.1,0
11/1/2015,12,5.4,0.4
12/1/2015,12,5.2,0
1/1/2016,12,5.3,0.1
2/1/2016,12,5.2,0
3/1/2016,12,4.9,0
4/1/2016,12,2,0.5
5/1/2016,12,1.5,0.2
6/1/2016,12,1.4,0.1
7/1/2016,12,1.5,0
8/1/2016,12,1.5,0.1
9/1/2016,12,1.3,-0.1
10/1/2016,12,1.3,0
11/1/2016,12,0.9,0
12/1/2016,12,0.9,0
1/1/2017,12,0.9,0.1
2/1/2017,12,0.9,0
3/1/2017,12,0.9,0
4/1/2017,12,0.4,0
5/1/2017,12,0.2,0
6/1/2017,12,0.1,0
7/1/2017,12,0.1,0
8/1/2017,12,0,0
9/1/2017,12,0.1,0
10/1/2017,12,0.1,0
11/1/2017,12,0.1,0
12/1/2017,12,0.1,0
1/1/2018,12,0,0
2/1/2018,12,0.1,0.1
3/1/2018,12,0.1,0
4/1/2018,12,0.1,0
5/1/2018,12,0.1,0
6/1/2018,12,-2.5,-2.6
7/1/2018,12,-2.5,0
8/1/2018,12,-2.5,0
9/1/2018,12,-2.2,0.4
10/1/2018,12,-1.6,0.5
11/1/2018,12,-1.6,0
12/1/2018,12,-1.6,0
1/1/2019,12,-1.5,0.1
2/1/2019,12,-1.6,0
3/1/2019,12,-1.6,0
4/1/2019,12,-1.6,0
5/1/2019,12,-1.6,0
6/1/2019,12,1,0
7/1/2019,12,1,0
8/1/2019,12,1,0
9/1/2019,12,0.6,0
10/1/2019,12,0.1,0
11/1/2019,12,0.1,0
12/1/2019,12,0,-0.1
1/1/2020,12,-0.1,0
2/1/2020,12,-0.1,0
3/1/2020,12,0,0.1
4/1/2020,12,0,0
5/1/2020,12,0,0
6/1/2020,12,0,0
7/1/2020,12,0,0
8/1/2020,12,0,0
9/1/2020,12,0,0
10/1/2020,12,0,0
11/1/2020,12,0,0
12/1/2020,12,0.1,0
1/1/2021,12,0.1,0
2/1/2021,12,0.1,0
3/1/2021,12,0,0
4/1/2021,12,0,0
5/1/2021,12,0,0
6/1/2021,12,0,0
7/1/2021,12,0,0
8/1/2021,12,0,0
9/1/2021,12,0,0
10/1/2021,12,0,0
11/1/2021,12,0,0
12/1/2021,12,0,0
1/1/2022,12,0,0
2/1/2022,12,0,0
3/1/2022,12,0,0
4/1/2022,12,0,0
5/1/2022,12,0,0
6/1/2022,12,0.3,0.3
7/1/2022,12,0.3,0
8/1/2022,12,0.3,0
9/1/2022,12,0.3,0
10/1/2022,12,0.3,0
11/1/2022,12,0.3,0
12/1/2022,12,0.3,0
1/1/2023,12,0.3,0
2/1/2023,12,0.4,0.1
3/1/2023,12,0.4,0
4/1/2023,12,0.4,0
5/1/2023,12,0.4,0
6/1/2023,12,0.1,0
7/1/2023,12,0,-0.1
8/1/2023,12,0,0
9/1/2023,12,0,0
10/1/2023,12,0,0
11/1/2023,12,0,0
12/1/2023,12,0,0
1/1/2024,12,0,0
2/1/2024,12,-0.1,0
3/1/2024,12,-0.1,0
4/1/2024,12,-0.1,0
5/1/2024,12,-0.1,0
6/1/2024,12,-0.1,0
7/1/2024,12,0.5,0.5
8/1/2024,12,0.5,0
9/1/2024,12,0.5,0
10/1/2024,12,0.5,0
11/1/2024,12,0.5,0
12/1/2024,12,0.5,0
1/1/2025,12,0.6,0.1
2/1/2025,12,1.5,0.8
3/1/2025,12,1.5,0
4/1/2025,12,1.5,0
5/1/2025,12,1.5,0
6/1/2025,12,1.5,0
7/1/2025,12,5.5,4.6
8/1/2025,12,5.6,0.1
9/1/2025,12,5.6,0
10/1/2025,12,5.6,0
11/1/2025,12,5.6,0
12/1/2025,12,5.6,0
1/1/2026,12,5.5,0
2/1/2026,12,4.7,0
3/1/2026,12,4.9,0.3
2/1/2000,13,,0.6
3/1/2000,13,,0.1
4/1/2000,13,,-0.2
5/1/2000,13,,0
6/1/2000,13,,0
7/1/2000,13,,0.1
8/1/2000,13,,-0.1
9/1/2000,13,,0
10/1/2000,13,,0
11/1/2000,13,,0.2
12/1/2000,13,,0
1/1/2001,13,1,0.2
2/1/2001,13,0.4,0
3/1/2001,13,0.1,-0.1
4/1/2001,13,0.6,0.2
5/1/2001,13,0.6,0
6/1/2001,13,0.7,0.1
7/1/2001,13,0.7,0.1
8/1/2001,13,0.7,-0.1
9/1/2001,13,1,0.2
10/1/2001,13,1.2,0.2
11/1/2001,13,1,0
12/1/2001,13,0.7,-0.2
1/1/2002,13,0.7,0.2
2/1/2002,13,0.8,0.1
3/1/2002,13,1.1,0.1
4/1/2002,13,1,0.1
5/1/2002,13,1.3,0.4
6/1/2002,13,1.4,0.2
7/1/2002,13,1.3,0
8/1/2002,13,1.2,-0.2
9/1/2002,13,1.2,0.2
10/1/2002,13,1,0
11/1/2002,13,1,0
12/1/2002,13,1.3,0.1
1/1/2003,13,1.6,0.5
2/1/2003,13,1.9,0.5
3/1/2003,13,1.5,-0.2
4/1/2003,13,1.1,-0.4
5/1/2003,13,0.8,0.1
6/1/2003,13,0.8,0.2
7/1/2003,13,0.8,0
8/1/2003,13,0.9,-0.1
9/1/2003,13,1.3,0.6
10/1/2003,13,1.3,0
11/1/2003,13,1.3,0
12/1/2003,13,1.8,0.6
1/1/2004,13,1.9,0.6
2/1/2004,13,1.4,0
3/1/2004,13,1.5,-0.1
4/1/2004,13,2.2,0.3
5/1/2004,13,1.9,-0.2
6/1/2004,13,1.5,-0.1
7/1/2004,13,1.8,0.2
8/1/2004,13,1.9,0
9/1/2004,13,1.6,0.3
10/1/2004,13,1.9,0.2
11/1/2004,13,2.2,0.3
12/1/2004,13,2.2,0.6
1/1/2005,13,1.6,0
2/1/2005,13,1.6,0
3/1/2005,13,1.6,-0.1
4/1/2005,13,1.4,0.1
5/1/2005,13,1.7,0.1
6/1/2005,13,1.7,-0.1
7/1/2005,13,1.7,0.2
8/1/2005,13,1.7,0
9/1/2005,13,1.7,0.3
10/1/2005,13,1.7,0.2
11/1/2005,13,1.4,0
12/1/2005,13,1.2,0.5
1/1/2006,13,1.7,0.4
2/1/2006,13,2,0.3
3/1/2006,13,1.9,-0.2
4/1/2006,13,2.4,0.6
5/1/2006,13,3.4,1.1
6/1/2006,13,3,-0.5
7/1/2006,13,2.6,-0.1
8/1/2006,13,2.7,0.1
9/1/2006,13,2.4,0
10/1/2006,13,1.6,-0.6
11/1/2006,13,1.9,0.3
12/1/2006,13,1.6,0.1
1/1/2007,13,1,-0.1
2/1/2007,13,0.9,0.2
3/1/2007,13,1.1,0
4/1/2007,13,0.8,0.2
5/1/2007,13,-0.2,0.1
6/1/2007,13,0.2,-0.1
7/1/2007,13,0.4,0.1
8/1/2007,13,0.4,0.1
9/1/2007,13,0.8,0.3
10/1/2007,13,1.6,0.2
11/1/2007,13,2.1,0.9
12/1/2007,13,2,0
1/1/2008,13,3,0.9
2/1/2008,13,3.3,0.5
3/1/2008,13,3.7,0.4
4/1/2008,13,3.3,-0.2
5/1/2008,13,3.1,-0.1
6/1/2008,13,3.6,0.4
7/1/2008,13,4.2,0.6
8/1/2008,13,3.8,-0.2
9/1/2008,13,3.2,-0.3
10/1/2008,13,4.1,1.2
11/1/2008,13,2.4,-0.8
12/1/2008,13,2.6,0.2
1/1/2009,13,2.7,0.9
2/1/2009,13,3.7,1.6
3/1/2009,13,3.5,0.2
4/1/2009,13,3.5,-0.2
5/1/2009,13,3.6,0
6/1/2009,13,3.6,0.4
7/1/2009,13,3,0
8/1/2009,13,3.3,0.1
9/1/2009,13,4.2,0.6
10/1/2009,13,3.1,0.1
11/1/2009,13,4.8,0.7
12/1/2009,13,5.2,0.6
1/1/2010,13,4.4,0.2
2/1/2010,13,2.5,-0.3
3/1/2010,13,2.3,0
4/1/2010,13,2.4,-0.1
5/1/2010,13,2.6,0.2
6/1/2010,13,2.4,0.2
7/1/2010,13,2.5,0.1
8/1/2010,13,2.1,-0.2
9/1/2010,13,1.9,0.4
10/1/2010,13,2.1,0.3
11/1/2010,13,1.6,0.2
12/1/2010,13,1.1,0.1
1/1/2011,13,1.2,0.3
2/1/2011,13,1.4,-0.1
3/1/2011,13,1.6,0.2
4/1/2011,13,1.8,0.1
5/1/2011,13,2,0.4
6/1/2011,13,2,0.2
7/1/2011,13,2.4,0.5
8/1/2011,13,3.4,0.8
9/1/2011,13,3.7,0.7
10/1/2011,13,3,-0.4
11/1/2011,13,3.2,0.4
12/1/2011,13,3.1,0
1/1/2012,13,2.7,-0.1
2/1/2012,13,3.2,0.4
3/1/2012,13,2.9,-0.1
4/1/2012,13,2.6,-0.2
5/1/2012,13,2.2,0
6/1/2012,13,2.2,0.2
7/1/2012,13,2.1,0.4
8/1/2012,13,1.2,-0.1
9/1/2012,13,1,0.5
10/1/2012,13,1.4,0.1
11/1/2012,13,1.2,0.1
12/1/2012,13,1,-0.2
1/1/2013,13,1.7,0.7
2/1/2013,13,1.2,-0.2
3/1/2013,13,1.2,-0.1
4/1/2013,13,1,-0.4
5/1/2013,13,0.4,-0.6
6/1/2013,13,0,-0.2
7/1/2013,13,-0.6,-0.2
8/1/2013,13,0.3,0.8
9/1/2013,13,0,0.2
10/1/2013,13,-0.4,-0.3
11/1/2013,13,-0.5,0
12/1/2013,13,-0.6,-0.3
1/1/2014,13,-1.1,0.1
2/1/2014,13,-0.4,0.6
3/1/2014,13,0.1,0.4
4/1/2014,13,0.5,0
5/1/2014,13,1.1,0
6/1/2014,13,1.2,0
7/1/2014,13,1.4,0
8/1/2014,13,0.9,0.2
9/1/2014,13,0.7,0
10/1/2014,13,0.7,-0.3
11/1/2014,13,0.9,0.2
12/1/2014,13,1.4,0.3
1/1/2015,13,1.7,0.4
2/1/2015,13,1.6,0.5
3/1/2015,13,1.5,0.3
4/1/2015,13,4.1,2.5
5/1/2015,13,4.4,0.3
6/1/2015,13,4.6,0.2
7/1/2015,13,4.7,0.2
8/1/2015,13,4.5,0
9/1/2015,13,5.6,1
10/1/2015,13,5.8,-0.1
11/1/2015,13,5.9,0.3
12/1/2015,13,5.4,-0.2
1/1/2016,13,5.5,0.4
2/1/2016,13,5.2,0.3
3/1/2016,13,5.1,0.2
4/1/2016,13,2.6,0
5/1/2016,13,2.5,0.2
6/1/2016,13,2.3,0
7/1/2016,13,2.4,0.4
8/1/2016,13,2.5,0.1
9/1/2016,13,1.5,0
10/1/2016,13,1.5,-0.1
11/1/2016,13,1.8,0.5
12/1/2016,13,1.8,-0.2
1/1/2017,13,1.4,0.1
2/1/2017,13,1.4,0.3
3/1/2017,13,1.3,0.1
4/1/2017,13,1.5,0.2
5/1/2017,13,1.3,0
6/1/2017,13,1.2,-0.1
7/1/2017,13,1.1,0.3
8/1/2017,13,0.9,-0.2
9/1/2017,13,1.1,0.2
10/1/2017,13,1.2,0.1
11/1/2017,13,0.7,0
12/1/2017,13,0.7,-0.2
1/1/2018,13,0.9,0.3
2/1/2018,13,0.4,-0.3
3/1/2018,13,0.4,0.2
4/1/2018,13,0.4,0.1
5/1/2018,13,0.4,0.1
6/1/2018,13,-2.6,-3.1
7/1/2018,13,-3,-0.1
8/1/2018,13,-3,-0.2
9/1/2018,13,-3,0.2
10/1/2018,13,-2.8,0.3
11/1/2018,13,-2.6,0.2
12/1/2018,13,-2.4,0
1/1/2019,13,-2.4,0.4
2/1/2019,13,-2.2,-0.1
3/1/2019,13,-2,0.4
4/1/2019,13,-2,0.1
5/1/2019,13,-2.1,0
6/1/2019,13,1.4,0.3
7/1/2019,13,1.8,0.4
8/1/2019,13,2.5,0.5
9/1/2019,13,2.7,0.4
10/1/2019,13,2.2,-0.2
11/1/2019,13,2.5,0.4
12/1/2019,13,2.4,-0.1
1/1/2020,13,2.5,0.4
2/1/2020,13,2.5,-0.1
3/1/2020,13,2.6,0.4
4/1/2020,13,2.3,-0.2
5/1/2020,13,2.8,0.5
6/1/2020,13,3,0.4
7/1/2020,13,2.9,0.3
8/1/2020,13,3.1,0.7
9/1/2020,13,2.7,0
10/1/2020,13,2.8,-0.1
11/1/2020,13,2.3,-0.1
12/1/2020,13,2.2,-0.2
1/1/2021,13,1.8,0.1
2/1/2021,13,1.6,-0.3
3/1/2021,13,1,-0.2
4/1/2021,13,1.2,0.1
5/1/2021,13,0.7,0
6/1/2021,13,0.3,0.1
7/1/2021,13,0.1,0
8/1/2021,13,-0.6,0
9/1/2021,13,-0.5,0.1
10/1/2021,13,-0.2,0.3
11/1/2021,13,0.1,0.2
12/1/2021,13,0.4,0.2
1/1/2022,13,0.6,0.3
2/1/2022,13,1.1,0.2
3/1/2022,13,1.9,0.6
4/1/2022,13,1.8,0
5/1/2022,13,1.9,0.1
6/1/2022,13,2.2,0.4
7/1/2022,13,2.1,-0.1
8/1/2022,13,2.4,0.3
9/1/2022,13,2.4,0.1
10/1/2022,13,2.4,0.3
11/1/2022,13,2.6,0.3
12/1/2022,13,2.3,-0.1
1/1/2023,13,2.3,0.3
2/1/2023,13,2.5,0.3
3/1/2023,13,2.1,0.2
4/1/2023,13,2.5,0.4
5/1/2023,13,2.9,0.4
6/1/2023,13,2.6,0.2
7/1/2023,13,2.6,-0.1
8/1/2023,13,2.4,0.1
9/1/2023,13,2.5,0.2
10/1/2023,13,2.3,0
11/1/2023,13,2.3,0.4
12/1/2023,13,2.7,0.2
1/1/2024,13,2.5,0.1
2/1/2024,13,2.5,0.3
3/1/2024,13,2.6,0.4
4/1/2024,13,3.1,0.9
5/1/2024,13,3,0.3
6/1/2024,13,2.8,-0.1
7/1/2024,13,3.2,0.3
8/1/2024,13,3.2,0.1
9/1/2024,13,3.1,0.1
10/1/2024,13,3.4,0.2
11/1/2024,13,3.4,0.5
12/1/2024,13,3.2,0
1/1/2025,13,3.3,0.2
2/1/2025,13,3.7,0.7
3/1/2025,13,3.6,0.3
4/1/2025,13,4.1,1.3
5/1/2025,13,3.7,0
6/1/2025,13,4.2,0.4
7/1/2025,13,3.9,0
8/1/2025,13,4,0.2
9/1/2025,13,4.8,0.8
10/1/2025,13,6,1.4
11/1/2025,13,5.6,0.1
12/1/2025,13,5.7,0.1
1/1/2026,13,6.6,1
2/1/2026,13,6.9,1
3/1/2026,13,7,0.4
